site,run_type,title,url,score,compatible,matched_categories,checked_at
Intuit Israel,NEW,"Manager 3, State and Local Tax Multiple Locations",https://jobs.intuit.com/job/san-diego/manager-3-state-and-local-tax/27595/91172117424,0,False,,2026-08-05T17:44:06
Intuit Israel,NEW,"Manager 3, Account Management Multiple Locations",https://jobs.intuit.com/job/atlanta/manager-3-account-management/27595/98796242416,0,False,,2026-08-05T17:44:06
Intuit Israel,NEW,"Senior Staff SWE New York, New York",https://jobs.intuit.com/job/new-york/senior-staff-swe/27595/98796242368,0,False,,2026-08-05T17:44:06
Happly AI,NEW,צפייה,https://www.linkedin.com/jobs/view/4422566710,0,False,,2026-08-05T17:44:23
Happly AI,NEW,צפייה,https://www.linkedin.com/jobs/view/4448972988,0,False,,2026-08-05T17:44:23
Happly AI,NEW,צפייה,https://www.linkedin.com/jobs/view/4449074727,0,False,,2026-08-05T17:44:23
Happly AI,NEW,צפייה,https://il.linkedin.com/jobs/view/budget-and-operations-coordinator-at-natal-4447386558?trk=public_jobs_topcard-title,0,False,,2026-08-05T17:44:23
Happly AI,NEW,צפייה,https://www.linkedin.com/jobs/view/4449076027,0,False,,2026-08-05T17:44:23
Happly AI,NEW,צפייה,https://www.linkedin.com/jobs/view/4449480310,0,False,,2026-08-05T17:44:23
Happly AI,NEW,צפייה,https://www.linkedin.com/jobs/view/4449115208,0,False,,2026-08-05T17:44:23
Happly AI,NEW,צפייה,https://il.linkedin.com/jobs/view/student-for-qc-team-at-orbit-communication-systems-4448984784?trk=public_jobs_topcard-title,0,False,,2026-08-05T17:44:23
Happly AI,NEW,צפייה,https://www.linkedin.com/jobs/view/4447392631,0,False,,2026-08-05T17:44:23
Happly AI,NEW,צפייה,https://www.linkedin.com/jobs/view/4407835323,0,False,,2026-08-05T17:44:23
Happly AI,NEW,צפייה,https://www.linkedin.com/jobs/view/4448010250,0,False,,2026-08-05T17:44:23
Happly AI,NEW,צפייה,https://il.linkedin.com/jobs/view/system-administrator-at-reline-it-solutions-4447375577?trk=public_jobs_topcard-title,0,False,,2026-08-05T17:44:23
Happly AI,NEW,צפייה,https://www.linkedin.com/jobs/view/4432439477,0,False,,2026-08-05T17:44:23
Happly AI,NEW,צפייה,https://www.linkedin.com/jobs/view/4447384900,0,False,,2026-08-05T17:44:23
Happly AI,NEW,צפייה,https://www.linkedin.com/jobs/view/4423899575,0,False,,2026-08-05T17:44:23
Happly AI,NEW,צפייה,https://www.linkedin.com/jobs/view/4431221322,0,False,,2026-08-05T17:44:23
Happly AI,NEW,צפייה,https://www.linkedin.com/jobs/view/4412665726,0,False,,2026-08-05T17:44:23
Happly AI,NEW,צפייה,https://www.linkedin.com/jobs/view/4447373643,0,False,,2026-08-05T17:44:23
Happly AI,NEW,צפייה,https://www.linkedin.com/jobs/view/4431498298,0,False,,2026-08-05T17:44:23
Happly AI,NEW,צפייה,https://www.linkedin.com/jobs/view/4404072808,0,False,,2026-08-05T17:44:23
Happly AI,NEW,צפייה,https://www.linkedin.com/jobs/view/4421831347,0,False,,2026-08-05T17:44:23
Happly AI,NEW,צפייה,https://www.linkedin.com/jobs/view/4448006041,0,False,,2026-08-05T17:44:23
Happly AI,NEW,צפייה,https://www.linkedin.com/jobs/view/4447374656,0,False,,2026-08-05T17:44:23
Happly AI,NEW,צפייה,https://www.linkedin.com/jobs/view/4401278483,0,False,,2026-08-05T17:44:23
Happly AI,NEW,צפייה,https://www.linkedin.com/jobs/view/4447393095,0,False,,2026-08-05T17:44:23
Happly AI,NEW,צפייה,https://www.linkedin.com/jobs/view/4449484747,0,False,,2026-08-05T17:44:23
Happly AI,NEW,צפייה,https://www.linkedin.com/jobs/view/4447380438,0,False,,2026-08-05T17:44:23
Happly AI,NEW,צפייה,https://www.linkedin.com/jobs/view/4449483917,0,False,,2026-08-05T17:44:23
Happly AI,NEW,צפייה,https://il.linkedin.com/jobs/view/technical-customer-support-tier1-at-wint-water-intelligence-4444839192?trk=public_jobs_topcard-title,0,False,,2026-08-05T17:44:23
Happly AI,NEW,צפייה,https://www.linkedin.com/jobs/view/4436531325,0,False,,2026-08-05T17:44:23
Happly AI,NEW,צפייה,https://il.linkedin.com/jobs/view/business-pmo-at-log-on-software-4447390676?trk=public_jobs_topcard-title,0,False,,2026-08-05T17:44:23
Happly AI,NEW,צפייה,https://www.linkedin.com/jobs/view/4447385795,0,False,,2026-08-05T17:44:23
Happly AI,NEW,צפייה,https://www.linkedin.com/jobs/view/4447384830,0,False,,2026-08-05T17:44:23
Happly AI,NEW,צפייה,https://www.linkedin.com/jobs/view/4447378528,0,False,,2026-08-05T17:44:23
Happly AI,NEW,צפייה,https://www.linkedin.com/jobs/view/4449448481,0,False,,2026-08-05T17:44:23
Happly AI,NEW,צפייה,https://www.linkedin.com/jobs/view/4418773392,0,False,,2026-08-05T17:44:23
Happly AI,NEW,צפייה,https://www.linkedin.com/jobs/view/4439997682,0,False,,2026-08-05T17:44:23
Happly AI,NEW,צפייה,https://www.linkedin.com/jobs/view/4448922344,0,False,,2026-08-05T17:44:23
Happly AI,NEW,צפייה,https://il.linkedin.com/jobs/view/%D7%9E%D7%A0%D7%94%D7%9C-%D7%AA-%D7%A4%D7%99%D7%AA%D7%95%D7%97-%D7%A2%D7%A1%D7%A7%D7%99-at-nofar-israel-4447396403?trk=public_jobs_topcard-title,0,False,,2026-08-05T17:44:23
Happly AI,NEW,צפייה,https://www.linkedin.com/jobs/view/4418787169,0,False,,2026-08-05T17:44:23
Happly AI,NEW,צפייה,https://www.linkedin.com/jobs/view/4447398299,0,False,,2026-08-05T17:44:23
Happly AI,NEW,צפייה,https://www.linkedin.com/jobs/view/4448563772,0,False,,2026-08-05T17:44:23
Happly AI,NEW,צפייה,https://www.linkedin.com/jobs/view/4431271651,0,False,,2026-08-05T17:44:23
Happly AI,NEW,צפייה,https://il.linkedin.com/jobs/view/field-service-engineer-at-bioview-4446642979?trk=public_jobs_topcard-title,0,False,,2026-08-05T17:44:23
Happly AI,NEW,צפייה,https://www.linkedin.com/jobs/view/4449619656,0,False,,2026-08-05T17:44:23
Happly AI,NEW,צפייה,https://il.linkedin.com/jobs/view/operations-quality-manager-at-alma-lasers-4449495224?trk=public_jobs_topcard-title,0,False,,2026-08-05T17:44:23
Happly AI,NEW,צפייה,https://www.linkedin.com/jobs/view/4447346830,0,False,,2026-08-05T17:44:23
Happly AI,NEW,צפייה,https://il.linkedin.com/jobs/view/warehouse-manager-at-contact-4448026473?trk=public_jobs_topcard-title,0,False,,2026-08-05T17:44:23
Happly AI,NEW,צפייה,https://il.linkedin.com/jobs/view/%D7%9E%D7%9B%D7%95%D7%A0%D7%90%D7%99-%D7%AA-%D7%90%D7%97%D7%96%D7%A7%D7%94-%D7%AA%D7%A2%D7%A9%D7%99%D7%99%D7%AA%D7%99%D7%AA-at-delta-galil-industries-4448886194?trk=public_jobs_topcard-title,0,False,,2026-08-05T17:44:23
Happly AI,NEW,צפייה,https://www.linkedin.com/jobs/view/4431206904,0,False,,2026-08-05T17:44:23
Happly AI,NEW,צפייה,https://www.linkedin.com/jobs/view/4437291893,0,False,,2026-08-05T17:44:23
Happly AI,NEW,צפייה,https://il.linkedin.com/jobs/view/manufacturing-engineer-at-aran-r-d-4449485348?trk=public_jobs_topcard-title,0,False,,2026-08-05T17:44:23
Happly AI,NEW,צפייה,https://il.linkedin.com/jobs/view/mechanical-engineer-at-sqlink-group-4447378568?trk=public_jobs_topcard-title,0,False,,2026-08-05T17:44:23
Happly AI,NEW,צפייה,https://www.linkedin.com/jobs/view/4448992357,0,False,,2026-08-05T17:44:23
Happly AI,NEW,צפייה,https://www.linkedin.com/jobs/view/4449484403,0,False,,2026-08-05T17:44:23
Happly AI,NEW,צפייה,https://www.linkedin.com/jobs/view/4448595596,0,False,,2026-08-05T17:44:23
Happly AI,NEW,צפייה,https://www.linkedin.com/jobs/view/4448981278,0,False,,2026-08-05T17:44:23
Happly AI,NEW,צפייה,https://il.linkedin.com/jobs/view/planner-at-gevasol-4447386165?trk=public_jobs_topcard-title,0,False,,2026-08-05T17:44:23
Happly AI,NEW,צפייה,https://www.linkedin.com/jobs/view/4448000036,0,False,,2026-08-05T17:44:23
Happly AI,NEW,צפייה,https://www.linkedin.com/jobs/view/4432224941,0,False,,2026-08-05T17:44:23
Happly AI,NEW,צפייה,https://www.linkedin.com/jobs/view/4432277450,0,False,,2026-08-05T17:44:23
Happly AI,NEW,צפייה,https://www.linkedin.com/jobs/view/4449005316,0,False,,2026-08-05T17:44:23
Happly AI,NEW,צפייה,https://www.linkedin.com/jobs/view/4430821160,0,False,,2026-08-05T17:44:23
Happly AI,NEW,צפייה,https://www.linkedin.com/jobs/view/4449495346,0,False,,2026-08-05T17:44:23
Happly AI,NEW,צפייה,https://www.linkedin.com/jobs/view/4412658556,0,False,,2026-08-05T17:44:23
Happly AI,NEW,צפייה,https://www.linkedin.com/jobs/view/4449122331,0,False,,2026-08-05T17:44:23
Happly AI,NEW,צפייה,https://www.linkedin.com/jobs/view/4447371521,0,False,,2026-08-05T17:44:23
Happly AI,NEW,צפייה,https://www.linkedin.com/jobs/view/4447374726,0,False,,2026-08-05T17:44:23
Happly AI,NEW,צפייה,https://il.linkedin.com/jobs/view/head-of-security-base44-at-base44-4449475390?trk=public_jobs_topcard-title,0,False,,2026-08-05T17:44:23
Happly AI,NEW,צפייה,https://www.linkedin.com/jobs/view/4447392218,0,False,,2026-08-05T17:44:23
Happly AI,NEW,צפייה,https://www.linkedin.com/jobs/view/4448595128,0,False,,2026-08-05T17:44:23
Happly AI,NEW,צפייה,https://il.linkedin.com/jobs/view/inside-sales-representative-%E2%80%93-cybersecurity-at-eset-israel-comsecure-ltd-4448026271?trk=public_jobs_topcard-title,0,False,,2026-08-05T17:44:23
Happly AI,NEW,צפייה,https://www.linkedin.com/jobs/view/4448949441,0,False,,2026-08-05T17:44:23
Happly AI,NEW,צפייה,https://il.linkedin.com/jobs/view/sales-representative-at-cybereact-4448019338?trk=public_jobs_topcard-title,0,False,,2026-08-05T17:44:23
Happly AI,NEW,צפייה,https://www.linkedin.com/jobs/view/4449058405,0,False,,2026-08-05T17:44:23
Happly AI,NEW,צפייה,https://www.linkedin.com/jobs/view/4167487302,0,False,,2026-08-05T17:44:23
Happly AI,NEW,צפייה,https://www.linkedin.com/jobs/view/4448004093,0,False,,2026-08-05T17:44:23
Happly AI,NEW,צפייה,https://il.linkedin.com/jobs/view/monetization-artist-at-realplay-4448983809?trk=public_jobs_topcard-title,0,False,,2026-08-05T17:44:23
Happly AI,NEW,צפייה,https://il.linkedin.com/jobs/view/electrical-technician-at-ravona-ltd-4447382758?trk=public_jobs_topcard-title,0,False,,2026-08-05T17:44:23
Happly AI,NEW,צפייה,https://www.linkedin.com/jobs/view/4448952390,0,False,,2026-08-05T17:44:23
Happly AI,NEW,צפייה,https://www.linkedin.com/jobs/view/4447372854,0,False,,2026-08-05T17:44:23
Happly AI,NEW,צפייה,https://il.linkedin.com/jobs/view/system-administrator-at-oscar-4440952046?trk=public_jobs_topcard-title,0,False,,2026-08-05T17:44:23
Happly AI,NEW,צפייה,https://il.linkedin.com/jobs/view/sharepoint-consultant-24442-at-comblack-4449463975?trk=public_jobs_topcard-title,0,False,,2026-08-05T17:44:23
Happly AI,NEW,צפייה,https://www.linkedin.com/jobs/view/4449100252,0,False,,2026-08-05T17:44:23
Happly AI,NEW,צפייה,https://www.linkedin.com/jobs/view/4448974942,0,False,,2026-08-05T17:44:23
Happly AI,NEW,צפייה,https://www.linkedin.com/jobs/view/4447391647,0,False,,2026-08-05T17:44:23
Happly AI,NEW,צפייה,https://www.linkedin.com/jobs/view/4447394077,0,False,,2026-08-05T17:44:23
Happly AI,NEW,צפייה,https://il.linkedin.com/jobs/view/%D7%9E%D7%A0%D7%94%D7%9C-%D7%AA-%D7%AA%D7%97%D7%95%D7%9D-%D7%AA%D7%A9%D7%AA%D7%99%D7%95%D7%AA-%D7%90%D7%A0%D7%A8%D7%92%D7%99%D7%94-17810-at-central-bottling-company-israel-ltd-4449499398?trk=public_jobs_topcard-title,0,False,,2026-08-05T17:44:23
Happly AI,NEW,צפייה,https://www.linkedin.com/jobs/view/4349468671,0,False,,2026-08-05T17:44:23
Happly AI,NEW,צפייה,https://www.linkedin.com/jobs/view/4429853221,0,False,,2026-08-05T17:44:23
Happly AI,NEW,צפייה,https://il.linkedin.com/jobs/view/ppc-campaign-manager-%E2%80%93-performance-at-yarden-abramovich-hr-consulting-4448831714?trk=public_jobs_topcard-title,0,False,,2026-08-05T17:44:23
Happly AI,NEW,צפייה,https://www.linkedin.com/jobs/view/4449491969,0,False,,2026-08-05T17:44:23
Happly AI,NEW,צפייה,https://www.linkedin.com/jobs/view/4449466584,0,False,,2026-08-05T17:44:23
Happly AI,NEW,צפייה,https://www.linkedin.com/jobs/view/4448934492,0,False,,2026-08-05T17:44:23
Happly AI,NEW,צפייה,https://www.linkedin.com/jobs/view/4448995080,0,False,,2026-08-05T17:44:23
Happly AI,NEW,צפייה,https://il.linkedin.com/jobs/view/marketing-automation-specialist-at-deloitte-4449481242?trk=public_jobs_topcard-title,0,False,,2026-08-05T17:44:23
Happly AI,NEW,צפייה,https://il.linkedin.com/jobs/view/delivery-excellence-lead-at-sqlink-group-4447393233?trk=public_jobs_topcard-title,0,False,,2026-08-05T17:44:23
Happly AI,NEW,צפייה,https://www.linkedin.com/jobs/view/4449004133,0,False,,2026-08-05T17:44:23
Happly AI,NEW,צפייה,https://il.linkedin.com/jobs/view/video-monetization-manager-at-minute-media-4448875948?trk=public_jobs_topcard-title,0,False,,2026-08-05T17:44:23
Happly AI,NEW,צפייה,https://www.linkedin.com/jobs/view/4448010319,0,False,,2026-08-05T17:44:23
Happly AI,NEW,צפייה,https://il.linkedin.com/jobs/view/experienced-buyer-%231346-at-rad-4449632212?trk=public_jobs_topcard-title,0,False,,2026-08-05T17:44:23
Happly AI,NEW,צפייה,https://www.linkedin.com/jobs/view/4449499406,0,False,,2026-08-05T17:44:23
Happly AI,NEW,צפייה,https://www.linkedin.com/jobs/view/4449487301,0,False,,2026-08-05T17:44:23
Happly AI,NEW,צפייה,https://www.linkedin.com/jobs/view/4419697518,0,False,,2026-08-05T17:44:23
Happly AI,NEW,צפייה,https://www.linkedin.com/jobs/view/4449624710,0,False,,2026-08-05T17:44:23
Happly AI,NEW,צפייה,https://il.linkedin.com/jobs/view/%D7%9E%D7%A0%D7%94%D7%9C-%D7%A8%D7%A9%D7%AA%D7%95%D7%AA-system-manager-at-trot-4446662435?trk=public_jobs_topcard-title,0,False,,2026-08-05T17:44:23
Happly AI,NEW,צפייה,https://il.linkedin.com/jobs/view/enterprise-customer-success-manager-at-justt-4449458394?trk=public_jobs_topcard-title,0,False,,2026-08-05T17:44:23
Happly AI,NEW,צפייה,https://il.linkedin.com/jobs/view/ppc-marketing-specialist-at-emilia-digital-4448010118?trk=public_jobs_topcard-title,0,False,,2026-08-05T17:44:23
Happly AI,NEW,צפייה,https://il.linkedin.com/jobs/view/corporate-governance-counsel-at-revolut-4436528510?trk=public_jobs_topcard-title,0,False,,2026-08-05T17:44:23
Happly AI,NEW,צפייה,https://www.linkedin.com/jobs/view/4449447991,0,False,,2026-08-05T17:44:23
Happly AI,NEW,צפייה,https://www.linkedin.com/jobs/view/4429418064,0,False,,2026-08-05T17:44:23
Happly AI,NEW,צפייה,https://il.linkedin.com/jobs/view/pmo-at-compie-technologies-4449497344?trk=public_jobs_topcard-title,0,False,,2026-08-05T17:44:23
Happly AI,NEW,צפייה,https://il.linkedin.com/jobs/view/senior-product-manager-at-global-e-4449497149?trk=public_jobs_topcard-title,0,False,,2026-08-05T17:44:23
Happly AI,NEW,צפייה,https://il.linkedin.com/jobs/view/senior-ui-ux-designer-at-jobgether-4448983344?trk=public_jobs_topcard-title,0,False,,2026-08-05T17:44:23
Happly AI,NEW,צפייה,https://www.linkedin.com/jobs/view/4447388689,0,False,,2026-08-05T17:44:23
Happly AI,NEW,צפייה,https://il.linkedin.com/jobs/view/senior-manager-client-operations-at-jobgether-4448982511?trk=public_jobs_topcard-title,0,False,,2026-08-05T17:44:23
Happly AI,NEW,צפייה,https://www.linkedin.com/jobs/view/4448000172,0,False,,2026-08-05T17:44:23
Happly AI,NEW,צפייה,https://il.linkedin.com/jobs/view/director-of-business-operations-at-showroom-tlv-4447353731?trk=public_jobs_topcard-title,0,False,,2026-08-05T17:44:23
Happly AI,NEW,צפייה,https://www.linkedin.com/jobs/view/4440587577,0,False,,2026-08-05T17:44:23
Happly AI,NEW,צפייה,https://il.linkedin.com/jobs/view/founding-gtm-growth-lead-at-lunair-4448021055?trk=public_jobs_topcard-title,0,False,,2026-08-05T17:44:23
Happly AI,NEW,צפייה,https://il.linkedin.com/jobs/view/technical-project-manager-at-mobileye-4448026217?trk=public_jobs_topcard-title,0,False,,2026-08-05T17:44:23
Happly AI,NEW,צפייה,https://www.linkedin.com/jobs/view/4449475950,0,False,,2026-08-05T17:44:23
Happly AI,NEW,צפייה,https://www.linkedin.com/jobs/view/4447343891,0,False,,2026-08-05T17:44:23
Happly AI,NEW,צפייה,https://il.linkedin.com/jobs/view/digital-strategy-manager-at-deloitte-4449604098?trk=public_jobs_topcard-title,0,False,,2026-08-05T17:44:23
Happly AI,NEW,צפייה,https://www.linkedin.com/jobs/view/4440515653,0,False,,2026-08-05T17:44:23
Happly AI,NEW,צפייה,https://il.linkedin.com/jobs/view/business-operations-senior-manager-at-fiverr-4448575310?trk=public_jobs_topcard-title,0,False,,2026-08-05T17:44:23
Happly AI,NEW,צפייה,https://www.linkedin.com/jobs/view/4449415654,0,False,,2026-08-05T17:44:23
Happly AI,NEW,צפייה,https://www.linkedin.com/jobs/view/4449411665,0,False,,2026-08-05T17:44:23
Happly AI,NEW,צפייה,https://www.linkedin.com/jobs/view/4448947310,0,False,,2026-08-05T17:44:23
Happly AI,NEW,צפייה,https://www.linkedin.com/jobs/view/4449497207,0,False,,2026-08-05T17:44:23
Happly AI,NEW,צפייה,https://www.linkedin.com/jobs/view/4449629667,0,False,,2026-08-05T17:44:23
Happly AI,NEW,צפייה,https://www.linkedin.com/jobs/view/4449626416,0,False,,2026-08-05T17:44:23
Happly AI,NEW,צפייה,https://www.linkedin.com/jobs/view/4447372741,0,False,,2026-08-05T17:44:23
Happly AI,NEW,צפייה,https://www.linkedin.com/jobs/view/4447379397,0,False,,2026-08-05T17:44:23
Happly AI,NEW,צפייה,https://www.linkedin.com/jobs/view/4448005066,0,False,,2026-08-05T17:44:23
Happly AI,NEW,צפייה,https://www.linkedin.com/jobs/view/4447369821,0,False,,2026-08-05T17:44:23
Happly AI,NEW,צפייה,https://www.linkedin.com/jobs/view/4448954296,0,False,,2026-08-05T17:44:23
Happly AI,NEW,צפייה,https://www.linkedin.com/jobs/view/4447375573,0,False,,2026-08-05T17:44:23
Happly AI,NEW,צפייה,https://www.linkedin.com/jobs/view/4428917980,0,False,,2026-08-05T17:44:23
Happly AI,NEW,צפייה,https://www.linkedin.com/jobs/view/4403322002,0,False,,2026-08-05T17:44:23
Happly AI,NEW,צפייה,https://il.linkedin.com/jobs/view/head-of-ai-machine-learning-at-confidential-4448973004?trk=public_jobs_topcard-title,0,False,,2026-08-05T17:44:23
Happly AI,NEW,צפייה,https://www.linkedin.com/jobs/view/4439864322,0,False,,2026-08-05T17:44:23
Happly AI,NEW,צפייה,https://www.linkedin.com/jobs/view/4446698877,0,False,,2026-08-05T17:44:23
Happly AI,NEW,צפייה,https://www.linkedin.com/jobs/view/4447362032,0,False,,2026-08-05T17:44:23
Happly AI,NEW,צפייה,https://www.linkedin.com/jobs/view/4430570038,0,False,,2026-08-05T17:44:23
Happly AI,NEW,צפייה,https://il.linkedin.com/jobs/view/ai-npu-vlsi-senior-team-lead-at-ceva-inc-4449014049?trk=public_jobs_topcard-title,0,False,,2026-08-05T17:44:23
Happly AI,NEW,צפייה,https://www.linkedin.com/jobs/view/4437663335,0,False,,2026-08-05T17:44:23
Happly AI,NEW,צפייה,https://www.linkedin.com/jobs/view/4326748746,0,False,,2026-08-05T17:44:23
Happly AI,NEW,צפייה,https://il.linkedin.com/jobs/view/b2c-business-manager-%E2%80%93-cybersecurity-at-eset-israel-comsecure-ltd-4448019229?trk=public_jobs_topcard-title,0,False,,2026-08-05T17:44:23
Happly AI,NEW,צפייה,https://www.linkedin.com/jobs/view/4449488382,0,False,,2026-08-05T17:44:23
Happly AI,NEW,צפייה,https://www.linkedin.com/jobs/view/4449490621,0,False,,2026-08-05T17:44:23
Happly AI,NEW,צפייה,https://www.linkedin.com/jobs/view/4449467681,0,False,,2026-08-05T17:44:23
Happly AI,NEW,צפייה,https://www.linkedin.com/jobs/view/4448976713,0,False,,2026-08-05T17:44:23
Happly AI,NEW,צפייה,https://www.linkedin.com/jobs/view/4447364953,0,False,,2026-08-05T17:44:23
Happly AI,NEW,צפייה,https://il.linkedin.com/jobs/view/full-stack-ai-engineer-at-sqlink-group-4448032429?trk=public_jobs_topcard-title,0,False,,2026-08-05T17:44:23
Happly AI,NEW,צפייה,https://il.linkedin.com/jobs/view/senior-affiliate-manager-dating-web-at-jobgether-4448974932?trk=public_jobs_topcard-title,0,False,,2026-08-05T17:44:23
Happly AI,NEW,צפייה,https://www.linkedin.com/jobs/view/4449628606,0,False,,2026-08-05T17:44:23
Happly AI,NEW,צפייה,https://il.linkedin.com/jobs/view/help-desk-at-reline-it-solutions-4447384198?trk=public_jobs_topcard-title,0,False,,2026-08-05T17:44:23
Happly AI,NEW,צפייה,https://il.linkedin.com/jobs/view/financial-analyst-at-starhunter-4448970619?trk=public_jobs_topcard-title,0,False,,2026-08-05T17:44:23
Happly AI,NEW,צפייה,https://il.linkedin.com/jobs/view/product-group-lead-at-voyantis-4447395356?trk=public_jobs_topcard-title,0,False,,2026-08-05T17:44:23
Happly AI,NEW,צפייה,https://www.linkedin.com/jobs/view/4449491910,0,False,,2026-08-05T17:44:23
Happly AI,NEW,צפייה,https://www.linkedin.com/jobs/view/4449600343,0,False,,2026-08-05T17:44:23
Happly AI,NEW,צפייה,https://il.linkedin.com/jobs/view/product-manager-at-hio-4434511384?trk=public_jobs_topcard-title,0,False,,2026-08-05T17:44:23
Happly AI,NEW,צפייה,https://www.linkedin.com/jobs/view/4440804437,0,False,,2026-08-05T17:44:23
Happly AI,NEW,צפייה,https://www.linkedin.com/jobs/view/4449471774,0,False,,2026-08-05T17:44:23
Happly AI,NEW,צפייה,https://il.linkedin.com/jobs/view/digital-hardware-engineer-at-logica-it-4447387509?trk=public_jobs_topcard-title,0,False,,2026-08-05T17:44:23
Happly AI,NEW,צפייה,https://www.linkedin.com/jobs/view/4447399257,0,False,,2026-08-05T17:44:23
Happly AI,NEW,צפייה,https://www.linkedin.com/jobs/view/4449604205,0,False,,2026-08-05T17:44:23
Happly AI,NEW,צפייה,https://www.linkedin.com/jobs/view/4449605419,0,False,,2026-08-05T17:44:23
Happly AI,NEW,צפייה,https://il.linkedin.com/jobs/view/senior-vip-account-manager-at-playtika-4448025149?trk=public_jobs_topcard-title,0,False,,2026-08-05T17:44:23
Happly AI,NEW,צפייה,https://www.linkedin.com/jobs/view/4449110418,0,False,,2026-08-05T17:44:23
Happly AI,NEW,צפייה,https://www.linkedin.com/jobs/view/4449125102,0,False,,2026-08-05T17:44:23
Happly AI,NEW,צפייה,https://il.linkedin.com/jobs/view/software-qa-engineer-manual-testing-at-camtek-4448026057?trk=public_jobs_topcard-title,0,False,,2026-08-05T17:44:23
Happly AI,NEW,צפייה,https://www.linkedin.com/jobs/view/4447311171,0,False,,2026-08-05T17:44:23
Happly AI,NEW,צפייה,https://il.linkedin.com/jobs/view/system-analyst-at-sqlink-group-4447369903?trk=public_jobs_topcard-title,0,False,,2026-08-05T17:44:23
Happly AI,NEW,צפייה,https://www.linkedin.com/jobs/view/4418336785,0,False,,2026-08-05T17:44:23
Happly AI,NEW,צפייה,https://il.linkedin.com/jobs/view/embedded-infrastructure-engineer-hard-real-time-240243-at-experis-israel-4435659434?trk=public_jobs_topcard-title,0,False,,2026-08-05T17:44:23
Happly AI,NEW,צפייה,https://www.linkedin.com/jobs/view/4449463411,0,False,,2026-08-05T17:44:23
Happly AI,NEW,צפייה,https://www.linkedin.com/jobs/view/4447389680,0,False,,2026-08-05T17:44:23
Happly AI,NEW,צפייה,https://www.linkedin.com/jobs/view/4448948929,0,False,,2026-08-05T17:44:23
Happly AI,NEW,צפייה,https://il.linkedin.com/jobs/view/founding-senior-backend-engineer-technical-lead-4449474646?trk=public_jobs_topcard-title,0,False,,2026-08-05T17:44:23
Happly AI,NEW,צפייה,https://www.linkedin.com/jobs/view/4448940372,0,False,,2026-08-05T17:44:23
Happly AI,NEW,צפייה,https://il.linkedin.com/jobs/view/data-scientist-at-log-on-software-4448005238?trk=public_jobs_topcard-title,0,False,,2026-08-05T17:44:23
Happly AI,NEW,צפייה,https://il.linkedin.com/jobs/view/quality-assurance-engineer-240042-at-experis-israel-4434829627?trk=public_jobs_topcard-title,0,False,,2026-08-05T17:44:23
Happly AI,NEW,צפייה,https://www.linkedin.com/jobs/view/4449490961,0,False,,2026-08-05T17:44:23
Happly AI,NEW,צפייה,https://www.linkedin.com/jobs/view/4449642522,0,False,,2026-08-05T17:44:23
Happly AI,NEW,צפייה,https://www.linkedin.com/jobs/view/4318558094,0,False,,2026-08-05T17:44:23
Happly AI,NEW,צפייה,https://www.linkedin.com/jobs/view/4449033591,0,False,,2026-08-05T17:44:23
Happly AI,NEW,צפייה,https://il.linkedin.com/jobs/view/electronics-technician-in-production-at-acs-motion-control-4447385773?trk=public_jobs_topcard-title,0,False,,2026-08-05T17:44:23
Happly AI,NEW,צפייה,https://www.linkedin.com/jobs/view/4438074422,0,False,,2026-08-05T17:44:23
Happly AI,NEW,צפייה,https://il.linkedin.com/jobs/view/data-engineer-at-fiverr-4439988549?trk=public_jobs_topcard-title,0,False,,2026-08-05T17:44:23
Happly AI,NEW,צפייה,https://www.linkedin.com/jobs/view/4418794144,0,False,,2026-08-05T17:44:23
Happly AI,NEW,צפייה,https://il.linkedin.com/jobs/view/cyber-security-consultant-at-peer-security-4449469364?trk=public_jobs_topcard-title,0,False,,2026-08-05T17:44:23
Happly AI,NEW,צפייה,https://www.linkedin.com/jobs/view/4449444058,0,False,,2026-08-05T17:44:23
Happly AI,NEW,צפייה,https://www.linkedin.com/jobs/view/4361928389,0,False,,2026-08-05T17:44:23
Happly AI,NEW,צפייה,https://www.linkedin.com/jobs/view/4447374650,0,False,,2026-08-05T17:44:23
Happly AI,NEW,צפייה,https://www.linkedin.com/jobs/view/4379871724,0,False,,2026-08-05T17:44:23
Happly AI,NEW,צפייה,https://il.linkedin.com/jobs/view/integration-engineer-at-uvision-group-4449492992?trk=public_jobs_topcard-title,0,False,,2026-08-05T17:44:23
Happly AI,NEW,צפייה,https://www.linkedin.com/jobs/view/4449495781,0,False,,2026-08-05T17:44:23
Happly AI,NEW,צפייה,https://il.linkedin.com/jobs/view/sql-developer-at-sela-4447368573?trk=public_jobs_topcard-title,0,False,,2026-08-05T17:44:23
Happly AI,NEW,צפייה,https://www.linkedin.com/jobs/view/4439484411,0,False,,2026-08-05T17:44:23
Happly AI,NEW,צפייה,https://www.linkedin.com/jobs/view/4439848936,0,False,,2026-08-05T17:44:23
Happly AI,NEW,צפייה,https://www.linkedin.com/jobs/view/4447376451,0,False,,2026-08-05T17:44:23
Happly AI,NEW,צפייה,https://il.linkedin.com/jobs/view/senior-full-stack-developer-at-abra-4449122112?trk=public_jobs_topcard-title,0,False,,2026-08-05T17:44:23
Happly AI,NEW,צפייה,https://www.linkedin.com/jobs/view/4448975787,0,False,,2026-08-05T17:44:23
Happly AI,NEW,צפייה,https://il.linkedin.com/jobs/view/senior-frontend-engineer-at-frame-security-4432285288?trk=public_jobs_topcard-title,0,False,,2026-08-05T17:44:23
Happly AI,NEW,צפייה,https://www.linkedin.com/jobs/view/4449476047,0,False,,2026-08-05T17:44:23
Happly AI,NEW,צפייה,https://il.linkedin.com/jobs/view/system-validation-engineer-at-ramon-space-4447383829?trk=public_jobs_topcard-title,0,False,,2026-08-05T17:44:23
Happly AI,NEW,צפייה,https://www.linkedin.com/jobs/view/4448983022,0,False,,2026-08-05T17:44:23
Happly AI,NEW,צפייה,https://www.linkedin.com/jobs/view/4447377649,0,False,,2026-08-05T17:44:23
Happly AI,NEW,צפייה,https://www.linkedin.com/jobs/view/4449491638,0,False,,2026-08-05T17:44:23
Happly AI,NEW,צפייה,https://il.linkedin.com/jobs/view/cyber-security-architecture-team-lead-at-sqlink-group-4447369991?trk=public_jobs_topcard-title,0,False,,2026-08-05T17:44:23
Happly AI,NEW,צפייה,https://www.linkedin.com/jobs/view/4449461760,0,False,,2026-08-05T17:44:23
Happly AI,NEW,צפייה,https://www.linkedin.com/jobs/view/4448004082,0,False,,2026-08-05T17:44:23
Happly AI,NEW,צפייה,https://www.linkedin.com/jobs/view/4449459178,0,False,,2026-08-05T17:44:23
Happly AI,NEW,צפייה,https://www.linkedin.com/jobs/view/4449484236,0,False,,2026-08-05T17:44:23
Happly AI,NEW,צפייה,https://www.linkedin.com/jobs/view/4447394420,0,False,,2026-08-05T17:44:23
Happly AI,NEW,צפייה,https://www.linkedin.com/jobs/view/4448004083,0,False,,2026-08-05T17:44:23
Happly AI,NEW,צפייה,https://www.linkedin.com/jobs/view/4449636316,0,False,,2026-08-05T17:44:23
Happly AI,NEW,צפייה,https://www.linkedin.com/jobs/view/4447399215,0,False,,2026-08-05T17:44:23
Happly AI,NEW,צפייה,https://www.linkedin.com/jobs/view/4449601190,0,False,,2026-08-05T17:44:23
Happly AI,NEW,צפייה,https://www.linkedin.com/jobs/view/4448000180,0,False,,2026-08-05T17:44:23
Happly AI,NEW,צפייה,https://www.linkedin.com/jobs/view/4449462974,0,False,,2026-08-05T17:44:23
Happly AI,NEW,צפייה,https://www.linkedin.com/jobs/view/4447379285,0,False,,2026-08-05T17:44:23
Happly AI,NEW,צפייה,https://il.linkedin.com/jobs/view/paid-remote-data-collection-%E2%80%93-multilingual-video-recording-project-at-jobgether-4448995321?trk=public_jobs_topcard-title,0,False,,2026-08-05T17:44:23
Happly AI,NEW,צפייה,https://www.linkedin.com/jobs/view/4449460348,0,False,,2026-08-05T17:44:23
Happly AI,NEW,צפייה,https://www.linkedin.com/jobs/view/4448024220,0,False,,2026-08-05T17:44:23
Happly AI,NEW,צפייה,https://il.linkedin.com/jobs/view/r-d-lead-hands-on-adtech-at-yarden-abramovich-hr-consulting-4447882362?trk=public_jobs_topcard-title,0,False,,2026-08-05T17:44:23
Happly AI,NEW,צפייה,https://www.linkedin.com/jobs/view/4431233337,0,False,,2026-08-05T17:44:23
Happly AI,NEW,צפייה,https://www.linkedin.com/jobs/view/4448985011,0,False,,2026-08-05T17:44:23
Happly AI,NEW,צפייה,https://il.linkedin.com/jobs/view/marketing-strategy-manager-4449619527?trk=public_jobs_topcard-title,0,False,,2026-08-05T17:44:23
Happly AI,NEW,צפייה,https://www.linkedin.com/jobs/view/4447388666,0,False,,2026-08-05T17:44:23
Happly AI,NEW,צפייה,https://www.linkedin.com/jobs/view/4167482926,0,False,,2026-08-05T17:44:23
Happly AI,NEW,צפייה,https://www.linkedin.com/jobs/view/4449115398,0,False,,2026-08-05T17:44:23
Happly AI,NEW,צפייה,https://www.linkedin.com/jobs/view/4449492901,0,False,,2026-08-05T17:44:23
Happly AI,NEW,צפייה,https://www.linkedin.com/jobs/view/4430383944,0,False,,2026-08-05T17:44:23
Happly AI,NEW,צפייה,https://il.linkedin.com/jobs/view/clinical-trial-associate-part-time-60%25-4446298938?trk=public_jobs_topcard-title,0,False,,2026-08-05T17:44:23
Happly AI,NEW,צפייה,https://www.linkedin.com/jobs/view/4167486392,0,False,,2026-08-05T17:44:23
Happly AI,NEW,צפייה,https://www.linkedin.com/jobs/view/4449460132,0,False,,2026-08-05T17:44:23
Happly AI,NEW,צפייה,https://il.linkedin.com/jobs/view/senior-devops-engineer-at-aidoc-4449444867?trk=public_jobs_topcard-title,0,False,,2026-08-05T17:44:23
Happly AI,NEW,צפייה,https://www.linkedin.com/jobs/view/4421592675,0,False,,2026-08-05T17:44:23
Happly AI,NEW,צפייה,https://il.linkedin.com/jobs/view/freelancer-study-coordinator-russian-speaking-at-propharma-4449486762?trk=public_jobs_topcard-title,0,False,,2026-08-05T17:44:23
Happly AI,NEW,צפייה,https://www.linkedin.com/jobs/view/4449433262,0,False,,2026-08-05T17:44:23
Happly AI,NEW,צפייה,https://www.linkedin.com/jobs/view/4447399206,0,False,,2026-08-05T17:44:23
Happly AI,NEW,צפייה,https://il.linkedin.com/jobs/view/algorithm-engineer-at-sunbit-4448028500?trk=public_jobs_topcard-title,0,False,,2026-08-05T17:44:23
Happly AI,NEW,צפייה,https://www.linkedin.com/jobs/view/4447383850,0,False,,2026-08-05T17:44:23
Happly AI,NEW,צפייה,https://www.linkedin.com/jobs/view/4447379487,0,False,,2026-08-05T17:44:23
Happly AI,NEW,צפייה,https://www.linkedin.com/jobs/view/4449465230,0,False,,2026-08-05T17:44:23
Happly AI,NEW,צפייה,https://www.linkedin.com/jobs/view/4449491913,0,False,,2026-08-05T17:44:23
Happly AI,NEW,צפייה,https://www.linkedin.com/jobs/view/4448000162,0,False,,2026-08-05T17:44:23
Happly AI,NEW,צפייה,https://www.linkedin.com/jobs/view/4449113303,0,False,,2026-08-05T17:44:23
Happly AI,NEW,צפייה,https://il.linkedin.com/jobs/view/orders-coordinator-at-edikted-4449480578?trk=public_jobs_topcard-title,0,False,,2026-08-05T17:44:23
Happly AI,NEW,צפייה,https://il.linkedin.com/jobs/view/experienced-full-charge-bookkeeper-through-trial-balance-%E2%80%93-ra%E2%80%99anana-at-brooks-keret-cfo-as-a-service-4449453908?trk=public_jobs_topcard-title,0,False,,2026-08-05T17:44:23
Happly AI,NEW,צפייה,https://www.linkedin.com/jobs/view/4447395380,0,False,,2026-08-05T17:44:23
Happly AI,NEW,צפייה,https://il.linkedin.com/jobs/view/financial-controller-at-stealth-startup-4447389427?trk=public_jobs_topcard-title,0,False,,2026-08-05T17:44:23
Happly AI,NEW,צפייה,https://www.linkedin.com/jobs/view/4447391650,0,False,,2026-08-05T17:44:23
Happly AI,NEW,צפייה,https://www.linkedin.com/jobs/view/4447389698,0,False,,2026-08-05T17:44:23
Happly AI,NEW,צפייה,https://il.linkedin.com/jobs/view/sales-operations-manager-at-coolautomation-4448024432?trk=public_jobs_topcard-title,0,False,,2026-08-05T17:44:23
Happly AI,NEW,צפייה,https://www.linkedin.com/jobs/view/4439942676,0,False,,2026-08-05T17:44:23
Happly AI,NEW,צפייה,https://www.linkedin.com/jobs/view/4433938615,0,False,,2026-08-05T17:44:23
Happly AI,NEW,צפייה,https://il.linkedin.com/jobs/view/project-manager-at-sqlink-group-4447392248?trk=public_jobs_topcard-title,0,False,,2026-08-05T17:44:23
Happly AI,NEW,צפייה,https://www.linkedin.com/jobs/view/4448002132,0,False,,2026-08-05T17:44:23
Happly AI,NEW,צפייה,https://il.linkedin.com/jobs/view/business-development-representative-at-proceed-4448018326?trk=public_jobs_topcard-title,0,False,,2026-08-05T17:44:23
Happly AI,NEW,צפייה,https://www.linkedin.com/jobs/view/4448006039,0,False,,2026-08-05T17:44:23
Happly AI,NEW,צפייה,https://il.linkedin.com/jobs/view/vmware-specialist-at-one-technologies-4448018490?trk=public_jobs_topcard-title,0,False,,2026-08-05T17:44:23
Happly AI,NEW,צפייה,https://il.linkedin.com/jobs/view/client-advisor-at-360-talent-4449460687?trk=public_jobs_topcard-title,0,False,,2026-08-05T17:44:23
Happly AI,NEW,צפייה,https://www.linkedin.com/jobs/view/4447366993,0,False,,2026-08-05T17:44:23
Happly AI,NEW,צפייה,https://il.linkedin.com/jobs/view/salesforce-marketing-cloud-implementor-at-yarden-abramovich-hr-consulting-4448836688?trk=public_jobs_topcard-title,0,False,,2026-08-05T17:44:23
Happly AI,NEW,צפייה,https://www.linkedin.com/jobs/view/4448963219,0,False,,2026-08-05T17:44:23
Happly AI,NEW,צפייה,https://www.linkedin.com/jobs/view/4448877406,0,False,,2026-08-05T17:44:23
Happly AI,NEW,צפייה,https://www.linkedin.com/jobs/view/4448563784,0,False,,2026-08-05T17:44:23
Happly AI,NEW,צפייה,https://il.linkedin.com/jobs/view/ciso-as-a-service-at-abra-4448508293?trk=public_jobs_topcard-title,0,False,,2026-08-05T17:44:23
Happly AI,NEW,צפייה,https://www.linkedin.com/jobs/view/4377843947,0,False,,2026-08-05T17:44:23
Happly AI,NEW,צפייה,https://www.linkedin.com/jobs/view/4449064504,0,False,,2026-08-05T17:44:23
Happly AI,NEW,צפייה,https://www.linkedin.com/jobs/view/4448931589,0,False,,2026-08-05T17:44:23
Happly AI,NEW,צפייה,https://www.linkedin.com/jobs/view/4446676438,0,False,,2026-08-05T17:44:23
Happly AI,NEW,צפייה,https://www.linkedin.com/jobs/view/4448945342,0,False,,2026-08-05T17:44:23
Happly AI,NEW,צפייה,https://www.linkedin.com/jobs/view/4449081214,0,False,,2026-08-05T17:44:23
Happly AI,NEW,צפייה,https://www.linkedin.com/jobs/view/4428593128,0,False,,2026-08-05T17:44:23
Happly AI,NEW,צפייה,https://www.linkedin.com/jobs/view/4167484486,0,False,,2026-08-05T17:44:23
Happly AI,NEW,צפייה,https://il.linkedin.com/jobs/view/creative-designer-marketing-at-genielabs-4448964882?trk=public_jobs_topcard-title,0,False,,2026-08-05T17:44:23
Happly AI,NEW,צפייה,https://www.linkedin.com/jobs/view/4447372360,0,False,,2026-08-05T17:44:23
Happly AI,NEW,צפייה,https://www.linkedin.com/jobs/view/4448947481,0,False,,2026-08-05T17:44:23
Happly AI,NEW,צפייה,https://www.linkedin.com/jobs/view/4446664883,0,False,,2026-08-05T17:44:23
Happly AI,NEW,צפייה,https://www.linkedin.com/jobs/view/4449057607,0,False,,2026-08-05T17:44:23
Happly AI,NEW,צפייה,https://il.linkedin.com/jobs/view/%D7%9E%D7%A0%D7%94%D7%9C-%D7%A8%D7%A9%D7%AA-%D7%92-%D7%95%D7%A0%D7%99%D7%95%D7%A8-%D7%93%D7%A8%D7%95%D7%9D-at-genie-4448851173?trk=public_jobs_topcard-title,0,False,,2026-08-05T17:44:23
Happly AI,NEW,צפייה,https://www.linkedin.com/jobs/view/4446626337,0,False,,2026-08-05T17:44:23
Happly AI,NEW,צפייה,https://il.linkedin.com/jobs/view/procurement-specialist-at-clare-air-4446645067?trk=public_jobs_topcard-title,0,False,,2026-08-05T17:44:23
Happly AI,NEW,צפייה,https://www.linkedin.com/jobs/view/4449099343,0,False,,2026-08-05T17:44:23
Happly AI,NEW,צפייה,https://il.linkedin.com/jobs/view/influencer-manager-at-ntu-international-a-s-4449030720?trk=public_jobs_topcard-title,0,False,,2026-08-05T17:44:23
Happly AI,NEW,צפייה,https://www.linkedin.com/jobs/view/4449423895,0,False,,2026-08-05T17:44:23
Happly AI,NEW,צפייה,https://il.linkedin.com/jobs/view/events-manager-at-ntu-international-a-s-4449030239?trk=public_jobs_topcard-title,0,False,,2026-08-05T17:44:23
Happly AI,NEW,צפייה,https://www.linkedin.com/jobs/view/4448568679,0,False,,2026-08-05T17:44:23
Happly AI,NEW,צפייה,https://www.linkedin.com/jobs/view/4449439289,0,False,,2026-08-05T17:44:23
Happly AI,NEW,צפייה,https://www.linkedin.com/jobs/view/4446660194,0,False,,2026-08-05T17:44:23
Happly AI,NEW,צפייה,https://www.linkedin.com/jobs/view/4447342909,0,False,,2026-08-05T17:44:23
Happly AI,NEW,צפייה,https://www.linkedin.com/jobs/view/4447353437,0,False,,2026-08-05T17:44:23
Happly AI,NEW,צפייה,https://www.linkedin.com/jobs/view/4412674553,0,False,,2026-08-05T17:44:23
Happly AI,NEW,צפייה,https://www.linkedin.com/jobs/view/4448569434,0,False,,2026-08-05T17:44:23
Happly AI,NEW,צפייה,https://www.linkedin.com/jobs/view/4447348615,0,False,,2026-08-05T17:44:23
Happly AI,NEW,צפייה,https://www.linkedin.com/jobs/view/4430567121,0,False,,2026-08-05T17:44:23
Happly AI,NEW,צפייה,https://www.linkedin.com/jobs/view/4448909544,0,False,,2026-08-05T17:44:23
Happly AI,NEW,צפייה,https://www.linkedin.com/jobs/view/4437272010,0,False,,2026-08-05T17:44:23
Happly AI,NEW,צפייה,https://www.linkedin.com/jobs/view/4448945494,0,False,,2026-08-05T17:44:23
Happly AI,NEW,צפייה,https://www.linkedin.com/jobs/view/4449064797,0,False,,2026-08-05T17:44:23
Happly AI,NEW,צפייה,https://www.linkedin.com/jobs/view/4398638848,0,False,,2026-08-05T17:44:23
Happly AI,NEW,צפייה,https://www.linkedin.com/jobs/view/4449053732,0,False,,2026-08-05T17:44:23
Happly AI,NEW,צפייה,https://www.linkedin.com/jobs/view/4428584584,0,False,,2026-08-05T17:44:23
Happly AI,NEW,צפייה,https://www.linkedin.com/jobs/view/4447303903,0,False,,2026-08-05T17:44:23
Happly AI,NEW,צפייה,https://www.linkedin.com/jobs/view/4448949406,0,False,,2026-08-05T17:44:23
Happly AI,NEW,צפייה,https://il.linkedin.com/jobs/view/product-designer-%E2%80%94-60%25-position-at-black-rabbit-4448529393?trk=public_jobs_topcard-title,0,False,,2026-08-05T17:44:23
Happly AI,NEW,צפייה,https://www.linkedin.com/jobs/view/4446643393,0,False,,2026-08-05T17:44:23
Happly AI,NEW,צפייה,https://www.linkedin.com/jobs/view/4448951366,0,False,,2026-08-05T17:44:23
Happly AI,NEW,צפייה,https://www.linkedin.com/jobs/view/4446644258,0,False,,2026-08-05T17:44:23
Happly AI,NEW,צפייה,https://il.linkedin.com/jobs/view/digital-marketing-project-and-client-manager-jb-5292-at-recruitx-4445922422?trk=public_jobs_topcard-title,0,False,,2026-08-05T17:44:23
Happly AI,NEW,צפייה,https://www.linkedin.com/jobs/view/4448941396,0,False,,2026-08-05T17:44:23
Happly AI,NEW,צפייה,https://www.linkedin.com/jobs/view/4448915926,0,False,,2026-08-05T17:44:23
Happly AI,NEW,צפייה,https://il.linkedin.com/jobs/view/information-technology-specialist-4446657873?trk=public_jobs_topcard-title,0,False,,2026-08-05T17:44:23
Happly AI,NEW,צפייה,https://www.linkedin.com/jobs/view/4440537721,0,False,,2026-08-05T17:44:23
Happly AI,NEW,צפייה,https://il.linkedin.com/jobs/view/hardware-design-engineer-at-xcurrent-energy-solutions-ltd-4447372120?trk=public_jobs_topcard-title,0,False,,2026-08-05T17:44:23
Happly AI,NEW,צפייה,https://www.linkedin.com/jobs/view/4447345811,0,False,,2026-08-05T17:44:23
Happly AI,NEW,צפייה,https://www.linkedin.com/jobs/view/4448598557,0,False,,2026-08-05T17:44:23
Happly AI,NEW,צפייה,https://www.linkedin.com/jobs/view/4448568521,0,False,,2026-08-05T17:44:23
Happly AI,NEW,צפייה,https://www.linkedin.com/jobs/view/4430842351,0,False,,2026-08-05T17:44:23
Happly AI,NEW,צפייה,https://www.linkedin.com/jobs/view/4448887929,0,False,,2026-08-05T17:44:23
Happly AI,NEW,צפייה,https://www.linkedin.com/jobs/view/4448953312,0,False,,2026-08-05T17:44:23
Happly AI,NEW,צפייה,https://www.linkedin.com/jobs/view/4449061171,0,False,,2026-08-05T17:44:23
Happly AI,NEW,צפייה,https://www.linkedin.com/jobs/view/4447349463,0,False,,2026-08-05T17:44:23
Happly AI,NEW,צפייה,https://www.linkedin.com/jobs/view/4448941205,0,False,,2026-08-05T17:44:23
Happly AI,NEW,צפייה,https://www.linkedin.com/jobs/view/4449054416,0,False,,2026-08-05T17:44:23
Happly AI,NEW,צפייה,https://www.linkedin.com/jobs/view/4446644457,0,False,,2026-08-05T17:44:23
Happly AI,NEW,צפייה,https://il.linkedin.com/jobs/view/it-manager-at-confidential-4448285425?trk=public_jobs_topcard-title,0,False,,2026-08-05T17:44:23
Happly AI,NEW,צפייה,https://www.linkedin.com/jobs/view/4449074113,0,False,,2026-08-05T17:44:23
Happly AI,NEW,צפייה,https://www.linkedin.com/jobs/view/4412574130,0,False,,2026-08-05T17:44:23
Happly AI,NEW,צפייה,https://il.linkedin.com/jobs/view/bi-developer-%E2%80%93-defense-company-northern-israel-at-yael-korentec-technologies-4446569252?trk=public_jobs_topcard-title,0,False,,2026-08-05T17:44:23
Happly AI,NEW,צפייה,https://www.linkedin.com/jobs/view/4448533304,0,False,,2026-08-05T17:44:23
Happly AI,NEW,צפייה,https://www.linkedin.com/jobs/view/4448531394,0,False,,2026-08-05T17:44:23
Happly AI,NEW,צפייה,https://www.linkedin.com/jobs/view/4448288363,0,False,,2026-08-05T17:44:23
Happly AI,NEW,צפייה,https://www.linkedin.com/jobs/view/4448286261,0,False,,2026-08-05T17:44:23
Happly AI,NEW,צפייה,https://www.linkedin.com/jobs/view/4423292581,0,False,,2026-08-05T17:44:23
Happly AI,NEW,צפייה,https://www.linkedin.com/jobs/view/4439487269,0,False,,2026-08-05T17:44:23
Happly AI,NEW,צפייה,https://www.linkedin.com/jobs/view/4447357352,0,False,,2026-08-05T17:44:23
Happly AI,NEW,צפייה,https://www.linkedin.com/jobs/view/4448296220,0,False,,2026-08-05T17:44:23
Happly AI,NEW,צפייה,https://www.linkedin.com/jobs/view/4449089048,0,False,,2026-08-05T17:44:23
Happly AI,NEW,צפייה,https://il.linkedin.com/jobs/view/it-manager-at-cloudinary-4448972896?trk=public_jobs_topcard-title,0,False,,2026-08-05T17:44:23
Happly AI,NEW,צפייה,https://www.linkedin.com/jobs/view/4446611455,0,False,,2026-08-05T17:44:23
Happly AI,NEW,צפייה,https://il.linkedin.com/jobs/view/system-linux-administrator-at-ceragon-networks-4442358524?trk=public_jobs_topcard-title,0,False,,2026-08-05T17:44:23
Happly AI,NEW,צפייה,https://il.linkedin.com/jobs/view/ios-developer-at-compie-technologies-4447360377?trk=public_jobs_topcard-title,0,False,,2026-08-05T17:44:23
Happly AI,NEW,צפייה,https://www.linkedin.com/jobs/view/4449428543,0,False,,2026-08-05T17:44:23
Happly AI,NEW,צפייה,https://www.linkedin.com/jobs/view/4448548173,0,False,,2026-08-05T17:44:23
Happly AI,NEW,צפייה,https://il.linkedin.com/jobs/view/backend-developer-c%23-at-f-m-r-computers-and-software-limited-4446652759?trk=public_jobs_topcard-title,0,False,,2026-08-05T17:44:23
Happly AI,NEW,צפייה,https://il.linkedin.com/jobs/view/data-engineer-at-gotfriends-4447366168?trk=public_jobs_topcard-title,0,False,,2026-08-05T17:44:23
Happly AI,NEW,צפייה,https://www.linkedin.com/jobs/view/4448598559,0,False,,2026-08-05T17:44:23
Happly AI,NEW,צפייה,https://www.linkedin.com/jobs/view/4448979475,0,False,,2026-08-05T17:44:23
Happly AI,NEW,צפייה,https://il.linkedin.com/jobs/view/data-analytics-engineer-at-empathy-4432293293?trk=public_jobs_topcard-title,0,False,,2026-08-05T17:44:23
Happly AI,NEW,צפייה,https://www.linkedin.com/jobs/view/4448893078,0,False,,2026-08-05T17:44:23
Happly AI,NEW,צפייה,https://www.linkedin.com/jobs/view/4448519558,0,False,,2026-08-05T17:44:23
Happly AI,NEW,צפייה,https://www.linkedin.com/jobs/view/4448864322,0,False,,2026-08-05T17:44:23
Happly AI,NEW,צפייה,https://www.linkedin.com/jobs/view/4447345797,0,False,,2026-08-05T17:44:23
Happly AI,NEW,צפייה,https://www.linkedin.com/jobs/view/4446651084,0,False,,2026-08-05T17:44:23
Happly AI,NEW,צפייה,https://www.linkedin.com/jobs/view/4439490239,0,False,,2026-08-05T17:44:23
Happly AI,NEW,צפייה,https://www.linkedin.com/jobs/view/4447370497,0,False,,2026-08-05T17:44:23
Happly AI,NEW,צפייה,https://www.linkedin.com/jobs/view/4449032552,0,False,,2026-08-05T17:44:23
Happly AI,NEW,צפייה,https://www.linkedin.com/jobs/view/4447301816,0,False,,2026-08-05T17:44:23
Happly AI,NEW,צפייה,https://www.linkedin.com/jobs/view/4449078776,0,False,,2026-08-05T17:44:23
Happly AI,NEW,צפייה,https://www.linkedin.com/jobs/view/4447302972,0,False,,2026-08-05T17:44:23
Happly AI,NEW,צפייה,https://www.linkedin.com/jobs/view/4448938580,0,False,,2026-08-05T17:44:23
Happly AI,NEW,צפייה,https://www.linkedin.com/jobs/view/4448942869,0,False,,2026-08-05T17:44:23
Happly AI,NEW,צפייה,https://il.linkedin.com/jobs/view/java-software-engineer-at-bgprotect-ltd-4448280400?trk=public_jobs_topcard-title,0,False,,2026-08-05T17:44:23
Happly AI,NEW,צפייה,https://il.linkedin.com/jobs/view/ai-lead-at-one-datai-4447362348?trk=public_jobs_topcard-title,0,False,,2026-08-05T17:44:23
Happly AI,NEW,צפייה,https://www.linkedin.com/jobs/view/4447371714,0,False,,2026-08-05T17:44:23
Happly AI,NEW,צפייה,https://www.linkedin.com/jobs/view/4449442196,0,False,,2026-08-05T17:44:23
Happly AI,NEW,צפייה,https://il.linkedin.com/jobs/view/system-architect-at-ceva-inc-4448898941?trk=public_jobs_topcard-title,0,False,,2026-08-05T17:44:23
Happly AI,NEW,צפייה,https://il.linkedin.com/jobs/view/cyber-security-researcher-at-razel-group-4447360558?trk=public_jobs_topcard-title,0,False,,2026-08-05T17:44:23
Happly AI,NEW,צפייה,https://www.linkedin.com/jobs/view/4412547936,0,False,,2026-08-05T17:44:23
Happly AI,NEW,צפייה,https://il.linkedin.com/jobs/view/vp-marketing-gaming-relocation-to-canada-at-starhunter-4447360728?trk=public_jobs_topcard-title,0,False,,2026-08-05T17:44:23
Happly AI,NEW,צפייה,https://www.linkedin.com/jobs/view/4447344790,0,False,,2026-08-05T17:44:23
Happly AI,NEW,צפייה,https://il.linkedin.com/jobs/view/founding-engineer-at-init-ventures-4446643188?trk=public_jobs_topcard-title,0,False,,2026-08-05T17:44:23
Happly AI,NEW,צפייה,https://il.linkedin.com/jobs/view/senior-backend-engineer-python-at-gong-4421620656?trk=public_jobs_topcard-title,0,False,,2026-08-05T17:44:23
Happly AI,NEW,צפייה,https://www.linkedin.com/jobs/view/4449051842,0,False,,2026-08-05T17:44:23
Happly AI,NEW,צפייה,https://www.linkedin.com/jobs/view/4448903646,0,False,,2026-08-05T17:44:23
Happly AI,NEW,צפייה,https://www.linkedin.com/jobs/view/4449445400,0,False,,2026-08-05T17:44:23
Happly AI,NEW,צפייה,https://il.linkedin.com/jobs/view/software-engineer-system-enablement-tooling-team-at-xsight-labs-4447364523?trk=public_jobs_topcard-title,0,False,,2026-08-05T17:44:23
Happly AI,NEW,צפייה,https://il.linkedin.com/jobs/view/algorithm-engineer-at-gotfriends-4447357956?trk=public_jobs_topcard-title,0,False,,2026-08-05T17:44:23
Happly AI,NEW,צפייה,https://www.linkedin.com/jobs/view/4437695096,0,False,,2026-08-05T17:44:23
Happly AI,NEW,צפייה,https://il.linkedin.com/jobs/view/c%2B%2B-linux-developer-at-yael-korentec-technologies-4449043531?trk=public_jobs_topcard-title,0,False,,2026-08-05T17:44:23
Happly AI,NEW,צפייה,https://www.linkedin.com/jobs/view/4448945787,0,False,,2026-08-05T17:44:23
Happly AI,NEW,צפייה,https://www.linkedin.com/jobs/view/4447343889,0,False,,2026-08-05T17:44:23
Happly AI,NEW,צפייה,https://il.linkedin.com/jobs/view/algorithm-engineer-at-axon-pulse-4448520663?trk=public_jobs_topcard-title,0,False,,2026-08-05T17:44:23
Happly AI,NEW,צפייה,https://il.linkedin.com/jobs/view/full-stack-developer-5660-at-entrypoint-4448520174?trk=public_jobs_topcard-title,0,False,,2026-08-05T17:44:23
Happly AI,NEW,צפייה,https://il.linkedin.com/jobs/view/embedded-software-algorithms-engineer-at-xcurrent-energy-solutions-ltd-4446670933?trk=public_jobs_topcard-title,0,False,,2026-08-05T17:44:23
Happly AI,NEW,צפייה,https://il.linkedin.com/jobs/view/c%2B%2B-developer-2108-at-tsg-4448884572?trk=public_jobs_topcard-title,0,False,,2026-08-05T17:44:23
Happly AI,NEW,צפייה,https://www.linkedin.com/jobs/view/4449056615,0,False,,2026-08-05T17:44:23
Happly AI,NEW,צפייה,https://www.linkedin.com/jobs/view/4448916483,0,False,,2026-08-05T17:44:23
Happly AI,NEW,צפייה,https://www.linkedin.com/jobs/view/4449411906,0,False,,2026-08-05T17:44:23
Happly AI,NEW,צפייה,https://www.linkedin.com/jobs/view/4439493145,0,False,,2026-08-05T17:44:23
Happly AI,NEW,צפייה,https://www.linkedin.com/jobs/view/4448898850,0,False,,2026-08-05T17:44:23
Happly AI,NEW,צפייה,https://il.linkedin.com/jobs/view/software-engineer-at-apiiro-4446656571?trk=public_jobs_topcard-title,0,False,,2026-08-05T17:44:23
Happly AI,NEW,צפייה,https://il.linkedin.com/jobs/view/staff-algorithm-engineer-at-4m-analytics-4448562078?trk=public_jobs_topcard-title,0,False,,2026-08-05T17:44:23
Happly AI,NEW,צפייה,https://il.linkedin.com/jobs/view/rt-embedded-software-engineer-at-iai-israel-aerospace-industries-4447360412?trk=public_jobs_topcard-title,0,False,,2026-08-05T17:44:23
Happly AI,NEW,צפייה,https://il.linkedin.com/jobs/view/algorithm-engineer-rtb-at-taboola-4448866304?trk=public_jobs_topcard-title,0,False,,2026-08-05T17:44:23
Happly AI,NEW,צפייה,https://il.linkedin.com/jobs/view/freelance-frontend-developer-landing-pages-websites-at-mindrift-4449068172?trk=public_jobs_topcard-title,0,False,,2026-08-05T17:44:23
Happly AI,NEW,צפייה,https://www.linkedin.com/jobs/view/4448971817,0,False,,2026-08-05T17:44:23
Happly AI,NEW,צפייה,https://il.linkedin.com/jobs/view/java-back-end-developer-at-dixilang-4446608893?trk=public_jobs_topcard-title,0,False,,2026-08-05T17:44:23
Happly AI,NEW,צפייה,https://il.linkedin.com/jobs/view/junior-software-engineer-systems-architecture-career-path-at-infinitylabs-r-d-4448893062?trk=public_jobs_topcard-title,0,False,,2026-08-05T17:44:23
Happly AI,NEW,צפייה,https://il.linkedin.com/jobs/view/c%2B%2B-engineer-at-real-time-group-software-solutions-4446663053?trk=public_jobs_topcard-title,0,False,,2026-08-05T17:44:23
Happly AI,NEW,צפייה,https://il.linkedin.com/jobs/view/backend-manager-at-deloitte-4448973752?trk=public_jobs_topcard-title,0,False,,2026-08-05T17:44:23
Happly AI,NEW,צפייה,https://www.linkedin.com/jobs/view/4448900087,0,False,,2026-08-05T17:44:23
Happly AI,NEW,צפייה,https://il.linkedin.com/jobs/view/electro-optical-lab-engineer-at-logica-it-4447382082?trk=public_jobs_topcard-title,0,False,,2026-08-05T17:44:23
Happly AI,NEW,צפייה,https://www.linkedin.com/jobs/view/4447359402,0,False,,2026-08-05T17:44:23
Happly AI,NEW,צפייה,https://il.linkedin.com/jobs/view/data-devops-at-datateam-4447383004?trk=public_jobs_topcard-title,0,False,,2026-08-05T17:44:23
Happly AI,NEW,צפייה,https://www.linkedin.com/jobs/view/4448545274,0,False,,2026-08-05T17:44:23
Happly AI,NEW,צפייה,https://il.linkedin.com/jobs/view/junior-operations-coordinator-at-cybereact-4446662644?trk=public_jobs_topcard-title,0,False,,2026-08-05T17:44:23
Happly AI,NEW,צפייה,https://www.linkedin.com/jobs/view/4449420687,0,False,,2026-08-05T17:44:23
Happly AI,NEW,צפייה,https://www.linkedin.com/jobs/view/4439405473,0,False,,2026-08-05T17:44:23
Happly AI,NEW,צפייה,https://www.linkedin.com/jobs/view/4448548261,0,False,,2026-08-05T17:44:23
Happly AI,NEW,צפייה,https://www.linkedin.com/jobs/view/4448871298,0,False,,2026-08-05T17:44:23
Happly AI,NEW,צפייה,https://il.linkedin.com/jobs/view/cto-hands-on-technology-lead-at-asaf-barel-4446650561?trk=public_jobs_topcard-title,0,False,,2026-08-05T17:44:23
Happly AI,NEW,צפייה,https://www.linkedin.com/jobs/view/4449402235,0,False,,2026-08-05T17:44:23
Happly AI,NEW,צפייה,https://www.linkedin.com/jobs/view/4412619084,0,False,,2026-08-05T17:44:23
Happly AI,NEW,צפייה,https://www.linkedin.com/jobs/view/4408565828,0,False,,2026-08-05T17:44:23
Happly AI,NEW,צפייה,https://www.linkedin.com/jobs/view/4430835357,0,False,,2026-08-05T17:44:23
Happly AI,NEW,צפייה,https://www.linkedin.com/jobs/view/4372701761,0,False,,2026-08-05T17:44:23
Happly AI,NEW,צפייה,https://www.linkedin.com/jobs/view/4440025121,0,False,,2026-08-05T17:44:23
Adam Total (Harel),NEW,לפרטים והגשת מועמדות,https://career.adamtotal.co.il/Jobs/JobDetails?token=NWk1WHJWZkVhOEFXdFROZnNleGR5a21kZllIaGd2WU5MUVJoaDROTFdOTk5KSlYraEswMk1pbGxtMkk1VTJONjBXVTNUQTFhTE1hL3N2WS80OGFHbFE9PQ==&shr=&eid=,0,False,,2026-08-05T17:44:44
Phoenix (fnx),NEW,מנהל/ת פרויקט תחום חסכון ארוך טווח וסיכוני חיים משרה קבועה פרטים נוספים,https://www.fnx.co.il/career/open-positions/50059274,0,False,,2026-08-05T17:44:49
Meitav,NEW,"# 198789 גוש דן 5/8/2026 מתמחה בראיית חשבון / עוזר/ת חשב עוזר/ת חשב / מתמחה בראיית חשבון     

    תיאור התפקיד     

   אנו מחפשים עוזר/ת חשב ומתמחה בראיית חשבון בעל/ת אוריינטציה פיננסית חזקה, סקרנות מקצועית ויכולת למידה גבוהה, המעוניין/ת לשלב התמחות מקצועית בעולמות הכספים יחד עם חשיפה לתהליכים עסקיים,",https://careers.topmatch.co.il/Meitav/redmatch-apply/redmatch.apply.html?compPositionID=198789,10,False,location,2026-08-05T17:45:09
TASMC (Ichilov),NEW,אינדקס בדיקות מעבדה קליניות,https://www.tasmc.org.il/laboratory-index/,0,False,,2026-08-05T17:46:11
Nvidia,NEW,"Senior Front-End Power Engineer JR1998014 Israel, Tel Aviv + 1 more",https://jobs.nvidia.com/careers/job/893382594744,95,False,"role, location",2026-08-05T17:46:51
Nvidia,NEW,"Chip Design Engineer JR2016289 Israel, Tel Aviv",https://jobs.nvidia.com/careers/job/893394637972,95,True,"role, location",2026-08-05T17:46:51
Nvidia,NEW,"System Software Engineer JR2016510 Israel, Yokneam",https://jobs.nvidia.com/careers/job/893394706680,95,True,"role, location",2026-08-05T17:46:51
Nvidia,NEW,"Senior System Firmware Engineer - BIOS UEFI JR2014710 US, CA, Santa Clara + 2 more",https://jobs.nvidia.com/careers/job/893394087506,85,False,role,2026-08-05T17:46:51
Nvidia,NEW,"Senior Hardware Engineer JR2021407 Israel, Raanana + 1 more",https://jobs.nvidia.com/careers/job/893396855975,95,False,"role, location",2026-08-05T17:46:51
Microsoft,NEW,See details,https://apply.careers.microsoft.com/careers/job/1970393556931299?hl=en,0,False,,2026-08-05T17:47:18
Palo Alto,NEW,"District Sales Manager Public Sector & Defense Tel Aviv-Yafo, Israel Sales",https://jobs.paloaltonetworks.com/en/job/tel-aviv/district-sales-manager-public-sector-and-defense/47263/96174878688,10,False,location,2026-08-05T17:47:52
Palo Alto,NEW,"Principal Software Engineer (Directory Services) Petach Tikva, Israel Product Engineering",https://jobs.paloaltonetworks.com/en/job/petah-tikva/principal-software-engineer-directory-services/47263/98783444176,95,False,"role, location",2026-08-05T17:47:52
Palo Alto,NEW,"Principal Engineer Software- Identity User Management (Idira) Petach Tikva, Israel Product Engineering",https://jobs.paloaltonetworks.com/en/job/petah-tikva/principal-engineer-software-identity-user-management-idira/47263/96174879344,95,False,"role, location",2026-08-05T17:47:52
Palo Alto,NEW,"Principal Technical Marketing Engineer (Prisma AIRS) Georgia, United States",https://jobs.paloaltonetworks.com/en/job/georgia/principal-technical-marketing-engineer-prisma-airs/47263/98541807920,85,False,role,2026-08-05T17:47:52
Palo Alto,NEW,"Enterprise Account Executive - Idira (Identity Security) Paris, France",https://jobs.paloaltonetworks.com/en/job/paris/enterprise-account-executive-idira-identity-security/47263/97249622672,0,False,,2026-08-05T17:47:52
Palo Alto,NEW,"Sr Mgr, Technical Support Sofia, Bulgaria",https://jobs.paloaltonetworks.com/en/job/sofia/sr-mgr-technical-support/47263/98794925664,0,False,,2026-08-05T17:47:52
Salesforce,NEW,"Commercial/Enterprise Account Executive, Tableau & Slack Analytics - Automotive, Utilities and Energy - Illinois, Chicago",https://salesforce.wd12.myworkdayjobs.com/en-US/External_Career_Site/job/Illinois---Chicago/Commercial-Enterprise-Account-Executive--Tableau-Analytics-AE---Retail--Consumer-Goods--and-Manufacturing_JR354555-1,0,False,,2026-08-05T17:47:57
Salesforce,NEW,"Product Marketing Manager, Partner Marketing - Illinois, Chicago",https://salesforce.wd12.myworkdayjobs.com/en-US/External_Career_Site/job/Illinois---Chicago/Product-Marketing-Manager--Partner-Marketing_JR355134,0,False,,2026-08-05T17:47:57
Salesforce,NEW,"Global Integrated Campaigns Operations Manager - Mexico, Mexico City",https://salesforce.wd12.myworkdayjobs.com/en-US/External_Career_Site/job/Mexico---Mexico-City/Global-Integrated-Campaigns-Operations-Manager_JR354098,0,False,,2026-08-05T17:47:57
Salesforce,NEW,"Senior Technical Support Engineer - California, Redwood City",https://salesforce.wd12.myworkdayjobs.com/en-US/External_Career_Site/job/California---Redwood-City/Senior-Technical-Support-Engineer_JR352611,85,False,role,2026-08-05T17:47:57
Salesforce,NEW,"Data Engineering MTS - India, Bangalore",https://salesforce.wd12.myworkdayjobs.com/en-US/External_Career_Site/job/India---Bangalore/Data-Engineering-MTS_JR350293,85,False,role,2026-08-05T17:47:57
Salesforce,NEW,"Slack COO - California, San Francisco",https://salesforce.wd12.myworkdayjobs.com/en-US/External_Career_Site/job/California---San-Francisco/VP---COO_JR352233,0,False,,2026-08-05T17:47:57
Salesforce,NEW,"Customer Success Manager - Marketing Cloud - Mexico, Mexico City",https://salesforce.wd12.myworkdayjobs.com/en-US/External_Career_Site/job/Mexico---Mexico-City/Customer-Success-Manager---Marketing-Cloud_JR354689,0,False,,2026-08-05T17:47:57
Salesforce,NEW,"Software Engineering LMTS - Tableau - India, Hyderabad",https://salesforce.wd12.myworkdayjobs.com/en-US/External_Career_Site/job/India---Hyderabad/Software-Engineering-LMTS---Tableau_JR327543,85,False,role,2026-08-05T17:47:57
Salesforce,NEW,"Web Experience Producer - Illinois, Chicago",https://salesforce.wd12.myworkdayjobs.com/en-US/External_Career_Site/job/Illinois---Chicago/Web-Experience-Producer_JR354669,0,False,,2026-08-05T17:47:57
Salesforce,NEW,"Manager, Financial Planning & Analysis - Revenue - Indiana, Indianapolis",https://salesforce.wd12.myworkdayjobs.com/en-US/External_Career_Site/job/Indiana---Indianapolis/Manager--Financial-Planning---Analysis---Revenue_JR350895,0,False,,2026-08-05T17:47:57
Salesforce,NEW,"Success Architect - Agentforce/Data Cloud - United Kingdom, London",https://salesforce.wd12.myworkdayjobs.com/en-US/External_Career_Site/job/United-Kingdom---London/Success-Architect---Agentforce-Data-Cloud_JR354599,0,False,,2026-08-05T17:47:57
Salesforce,NEW,"Senior Manager, Customer Success Manager (CSM), NGO - Illinois, Chicago",https://salesforce.wd12.myworkdayjobs.com/en-US/External_Career_Site/job/Illinois---Chicago/Senior-Manager--Customer-Success-Manager--CSM---NGO_JR355113,0,False,,2026-08-05T17:47:57
Salesforce,NEW,"Services Practices Senior Manager (Security) - California, San Francisco",https://salesforce.wd12.myworkdayjobs.com/en-US/External_Career_Site/job/California---San-Francisco/Services-Practices-Senior-Manager--Security-_JR351112,0,False,,2026-08-05T17:47:57
Salesforce,NEW,"Customer Success Manager – Digital (Marketing & Commerce) Clouds - District of Columbia, Washington",https://salesforce.wd12.myworkdayjobs.com/en-US/External_Career_Site/job/District-of-Columbia---Washington/Customer-Success-Manager---Digital--Marketing---Commerce--Clouds_JR332573,0,False,,2026-08-05T17:47:57
Salesforce,NEW,"Named Account Executive - Brazil, Sao Paulo",https://salesforce.wd12.myworkdayjobs.com/en-US/External_Career_Site/job/Brazil---Sao-Paulo/Named-Account-Executive-7_JR354676,0,False,,2026-08-05T17:47:57
Salesforce,NEW,"Software Engineering, MTS/ SMTS (Full-Stack) - India, Bangalore",https://salesforce.wd12.myworkdayjobs.com/en-US/External_Career_Site/job/India---Bangalore/Software-Engineering-MTS_JR338172-1,85,False,role,2026-08-05T17:47:57
Salesforce,NEW,"Senior Technical Support Engineer - Japan, Tokyo",https://salesforce.wd12.myworkdayjobs.com/en-US/External_Career_Site/job/Japan---Tokyo/Senior-Technical-Support-Engineer_JR353253,85,False,role,2026-08-05T17:47:57
Salesforce,NEW,"Solution Architect – (Healthcare/Life Sciences or Financial Services) - Georgia, Atlanta",https://salesforce.wd12.myworkdayjobs.com/en-US/External_Career_Site/job/Georgia---Atlanta/Solution-Architect---Sr-Solution-Architect---Regulated-Industries_JR352048,0,False,,2026-08-05T17:47:57
Salesforce,NEW,"Product Deployed Engineer - California, San Francisco",https://salesforce.wd12.myworkdayjobs.com/en-US/External_Career_Site/job/California---San-Francisco/Product-Deployed-Engineer_JR355102-1,85,False,role,2026-08-05T17:47:57
Cyberark Software,NEW,"Principal Software Engineer (Directory Services) Petach Tikva, Israel Product Engineering",https://jobs.paloaltonetworks.com/en/job/petah-tikva/principal-software-engineer-directory-services/47263/98783444176,95,False,"role, location",2026-08-05T17:48:03
Cyberark Software,NEW,"Principal Technical Marketing Engineer (Prisma AIRS) Georgia, United States",https://jobs.paloaltonetworks.com/en/job/georgia/principal-technical-marketing-engineer-prisma-airs/47263/98541807920,85,False,role,2026-08-05T17:48:03
Cyberark Software,NEW,"Enterprise Account Executive - Idira (Identity Security) Paris, France",https://jobs.paloaltonetworks.com/en/job/paris/enterprise-account-executive-idira-identity-security/47263/97249622672,0,False,,2026-08-05T17:48:03
Cyberark Software,NEW,"Sr Mgr, Technical Support Sofia, Bulgaria",https://jobs.paloaltonetworks.com/en/job/sofia/sr-mgr-technical-support/47263/98794925664,0,False,,2026-08-05T17:48:03
Cyberark Software,NEW,"District Sales Manager Public Sector & Defense Tel Aviv, Israel",https://jobs.paloaltonetworks.com/en/job/tel-aviv/district-sales-manager-public-sector-and-defense/47263/96174878688,10,False,location,2026-08-05T17:48:03
Autodesk Israel,NEW,Principal Security & Compliance Analyst,https://autodesk.wd1.myworkdayjobs.com/en-US/Ext/job/Toronto-ON-CAN/Principal-Security---Compliance-Analyst_26WD100152,0,False,,2026-08-05T17:48:35
Autodesk Israel,NEW,"Sales Specialist, Construction",https://autodesk.wd1.myworkdayjobs.com/en-US/Ext/job/Florida-USA---Remote/Sales-Specialist--Construction_26WD100238-1,0,False,,2026-08-05T17:48:35
Autodesk Israel,NEW,Senior Principal AI/ML Developer,https://autodesk.wd1.myworkdayjobs.com/en-US/Ext/job/California-USA---Remote/Senior-Principal-AI-ML-Developer_26WD100188,85,False,role,2026-08-05T17:48:35
Autodesk Israel,NEW,Principal Software Engineer,https://autodesk.wd1.myworkdayjobs.com/en-US/Ext/job/Atlanta-GA-USA/Principal-Software-Engineer_26WD97962-1,85,False,role,2026-08-05T17:48:35
Autodesk Israel,NEW,License Compliance Inside Sales Representative - Italy,https://autodesk.wd1.myworkdayjobs.com/en-US/Ext/job/EMEA---Spain---Barcelona---Tower-B2/License-Compliance-Inside-Sales-Representative---Italy_26WD100222-1,0,False,,2026-08-05T17:48:35
Autodesk Israel,NEW,Senior Software Engineer (Backend Focused - Full Stack),https://autodesk.wd1.myworkdayjobs.com/en-US/Ext/job/Bengaluru-IND/Senior-Software-Engineer--Backend-Focused---Full-Stack-_26WD100190,85,False,role,2026-08-05T17:48:35
Autodesk Israel,NEW,"Principal Technical Consultant - Full Stack (.NET + React) , AEC",https://autodesk.wd1.myworkdayjobs.com/en-US/Ext/job/Bengaluru-IND/Principal-Technical-Consultant---Full-Stack--NET---React----AEC_26WD100127,85,False,role,2026-08-05T17:48:35
Autodesk Israel,NEW,"Principal Engineer (Java/Node, AWS)",https://autodesk.wd1.myworkdayjobs.com/en-US/Ext/job/Pune-IND/Principal-Engineer--Java-Node--AWS-_26WD100331-2,85,False,role,2026-08-05T17:48:35
Autodesk Israel,NEW,Senior Account Based Marketing Manager,https://autodesk.wd1.myworkdayjobs.com/en-US/Ext/job/EMEA---Germany---Munich---Balanstrasse/Senior-Account-Based-Marketing-Manager_26WD100300-1,0,False,,2026-08-05T17:48:35
Rubrik,NEW,"Sr. Sales Engineer, SLED - NY",https://www.rubrik.com/company/careers/departments/job.7972946?gh_jid=7972946,85,False,role,2026-08-05T17:49:11
Amazon Israel,NEW,"Software Development Engineer , Annapurna Labs",https://www.amazon.jobs/jobs/10492675,85,True,role,2026-08-05T17:50:37
Amazon Israel,NEW,"Embedded Software Student , Annapurna Labs",https://www.amazon.jobs/jobs/10492641,0,False,,2026-08-05T17:50:37
Amazon Israel,NEW,"Senior Applied Scientist, Personalization, Personalization Strategic Initiatives Science",https://www.amazon.jobs/jobs/10379250,0,False,,2026-08-05T17:50:37
Amazon Israel,NEW,"Applied Scientist, Personalization, Personalization Strategic Initiatives Science",https://www.amazon.jobs/jobs/10442965,0,False,,2026-08-05T17:50:37
LSports,NEW,Senior Trader ·  Full-time PlayMakers Irland,https://www.lsports.eu/co/irland/6B.F6C/senior-trader/all,0,False,,2026-08-05T17:50:50
Remitly Israel,NEW,Organic Social & Content Marketing Lead (APAC) - Contract (12 months),https://careers.remitly.com/job/23669605/organic-social-content-marketing-lead-apac-contract-12-months-/,0,False,,2026-08-05T17:51:33
Remitly Israel,NEW,Software Development Engineer II- Trust Intelligence Platform,https://careers.remitly.com/job/23451904/software-development-engineer-ii-trust-intelligence-platform-seattle-wa/,85,True,role,2026-08-05T17:51:33
Varonis Systems ,NEW,DevOps Engineer (GovCloud/FedRAMP) - United States,https://app.jobvite.com/CompanyJobs/Job.aspx?j=ogDzAfwM&l=C6C0Wfwo,85,False,role,2026-08-05T17:52:03
Orca Security ,NEW,Customer Success Engineer Location India,https://orca.security/about/careers/6132686004/?gh_jid=6132686004,85,False,role,2026-08-05T17:53:05
Digital Turbine,NEW,Software Engineering Manager,https://digitalturbine.wd501.myworkdayjobs.com/en-US/Digital_Turbine_External_Careers/job/United-States---Durham/Manager--Software-Engineering_JR101001,85,True,role,2026-08-05T17:53:55
OPTIMOVE,NEW,Learn more about this provider,https://legal.hubspot.com/privacy-policy?__hstc=181515384.6b711acfc42efb63017ad833fd0c0ab9.1785952438236.1785952438236.1785952438236.1&__hssc=181515384.1.1785952438236&__hsfp=5f4c99a096b4446777bfb638a922188a,0,False,,2026-08-05T17:54:00
Priority Software,NEW,Learn more about this provider,https://legal.hubspot.com/privacy-policy?__hstc=227931650.8666f6dcc62f07c1dc3f03a8fd33af4d.1785952449155.1785952449155.1785952449155.1&__hssc=227931650.1.1785952449155&__hsfp=5f4c99a096b4446777bfb638a922188a,0,False,,2026-08-05T17:54:12
Guesty,NEW,Learn more about this provider,https://legal.hubspot.com/privacy-policy?__hstc=88424644.a6a632df7cfdddf7cd4ee1b85dc847e2.1785952455010.1785952455010.1785952455010.1&__hssc=88424644.1.1785952455010&__hsfp=5f4c99a096b4446777bfb638a922188a,0,False,,2026-08-05T17:54:39
Guesty,NEW,Learn more about this provider,https://admin.typeform.com/to/dwk6gt/?__hstc=88424644.a6a632df7cfdddf7cd4ee1b85dc847e2.1785952455010.1785952455010.1785952455010.1&__hssc=88424644.1.1785952455010&__hsfp=5f4c99a096b4446777bfb638a922188a,0,False,,2026-08-05T17:54:39
Guesty,NEW,Reviews management,https://www.guesty.com/features/reviews-management/,0,False,,2026-08-05T17:54:39
Guesty,NEW,Enterprise Management Hub,https://www.guesty.com/features/enterprise-management-hub/,0,False,,2026-08-05T17:54:39
Guesty,NEW,Shield Suite Add-on,https://www.guesty.com/features/shield-suite/,0,False,,2026-08-05T17:54:39
Guesty,NEW,Liability coverage Add-on,https://www.guesty.com/features/liability-coverage/,0,False,,2026-08-05T17:54:39
Guesty,NEW,Guesty Card,https://www.guesty.com/features/guesty-card/,0,False,,2026-08-05T17:54:39
Guesty,NEW,Guesty onboarding Get set up fast. Go live with confidence,https://www.guesty.com/onboarding/,0,False,,2026-08-05T17:54:39
Guesty,NEW,Customer Experience Billing Operations Specialist Philippines- Cebu,https://www.guesty.com/careers-open-positions/co/philippines-cebu/5F.862/billing-operations-specialist/,0,False,,2026-08-05T17:54:39
Guesty,NEW,Sales Business Development Representative USA,https://www.guesty.com/careers-open-positions/co/usa/22.D6D/business-development-representative/,0,False,,2026-08-05T17:54:39
Guesty,NEW,Customer Success Customer Success Team Lead (SMB) Spain,https://www.guesty.com/careers-open-positions/co/spain/14.E69/customer-success-team-lead-smb/,0,False,,2026-08-05T17:54:39
Guesty,NEW,Customer Success Customer Success Team Lead (SMB) UK,https://www.guesty.com/careers-open-positions/co/uk/14.E69-CF.50A/customer-success-team-lead-smb/,0,False,,2026-08-05T17:54:39
Guesty,NEW,Data & Information Systems Data Analyst Barcelona,https://www.guesty.com/careers-open-positions/co/barcelona/16.D6E/data-analyst/,0,False,,2026-08-05T17:54:39
Guesty,NEW,Customer Success Enterprise Customer Success Manager Spain,https://www.guesty.com/careers-open-positions/co/spain/84.D6D/enterprise-customer-success-manager/,0,False,,2026-08-05T17:54:39
Guesty,NEW,Customer Success Enterprise Customer Success Manager UK,https://www.guesty.com/careers-open-positions/co/uk/84.D6D-CF.50A/enterprise-customer-success-manager/,0,False,,2026-08-05T17:54:39
Guesty,NEW,Finance FP&A Poland,https://www.guesty.com/careers-open-positions/co/poland/12.B6C/fpa/,0,False,,2026-08-05T17:54:39
Guesty,NEW,Sales Sales Development Representative Canada,https://www.guesty.com/careers-open-positions/co/canada/78.E66/sales-development-representative/,0,False,,2026-08-05T17:54:39
Guesty,NEW,Sales Sales Development Representative Mexico,https://www.guesty.com/careers-open-positions/co/mexico/78.E66-ED.400/sales-development-representative/,0,False,,2026-08-05T17:54:39
Guesty,NEW,Sales Sales Operations Specialist Canada,https://www.guesty.com/careers-open-positions/co/canada/39.E66/sales-operations-specialist/,0,False,,2026-08-05T17:54:39
Guesty,NEW,Sales Sales Operations Specialist Mexico,https://www.guesty.com/careers-open-positions/co/mexico/39.E66-ED.400/sales-operations-specialist/,0,False,,2026-08-05T17:54:39
Guesty,NEW,Sales SMB Account Executive USA,https://www.guesty.com/careers-open-positions/co/usa/3F.86C/smb-account-executive/,0,False,,2026-08-05T17:54:39
Guesty,NEW,Product Staff Product Manager Israel,https://www.guesty.com/careers-open-positions/co/israel/5B.D63/staff-product-manager/,10,False,location,2026-08-05T17:54:39
Guesty,NEW,Product Staff Product Manager Spain,https://www.guesty.com/careers-open-positions/co/spain/5B.D63-30.50C/staff-product-manager/,0,False,,2026-08-05T17:54:39
Guesty,NEW,"Onboarding Staff Professional Services Consultant (IC4) – Accounting Onboarding Covina, CA",https://www.guesty.com/careers-open-positions/co/covina-ca/76.B6B/staff-professional-services-consultant-ic4-accounting-onboarding/,0,False,,2026-08-05T17:54:39
Guesty,NEW,Book a demo,https://www/guesty.com/,0,False,,2026-08-05T17:54:39
Guesty,NEW,Airbnb Channel Manager,https://www.guesty.com/features/channel-manager/airbnb/,0,False,,2026-08-05T17:54:39
Guesty,NEW,Holiday Lets,https://www.guesty.com/solutions/holiday-lets/,0,False,,2026-08-05T17:54:39
Guesty,NEW,Product Releases,https://www.guesty.com/lp/ite-product-lp/,0,False,,2026-08-05T17:54:39
Guesty,NEW,AI Use Policy,https://www.guesty.com/ai-use-policy/,0,False,,2026-08-05T17:54:39
Guesty,NEW,Guesty Insurance Services LLC,https://www.guesty.com/wp-content/uploads/2026/08/Guesty-Licenses-Website-list-Sheet1.pdf,0,False,,2026-08-05T17:54:39
משרות ממשלתיות ללא מכרז,BASELINE,דלג לתוכן האתר,https://www.gov.il/he/collectors/publications?Type=0ec5a7ef-977c-459f-8c0a-dcfbe35c8164&drushimStatusType=1#content,0,False,,2026-08-05T17:54:47
משרות ממשלתיות ללא מכרז,BASELINE,מועמדות לתפקיד מזכיר/ת ועדת קלפי בבחירות לכנסת ה-26 ועדת הבחירות המרכזית לכנסת,https://www.gov.il/he/pages/mazkirim26,10,False,location,2026-08-05T17:54:47
משרות ממשלתיות ללא מכרז,BASELINE,חידוש רישיון רכב | משרד התחבורה והבטיחות בדרכים,https://www.gov.il/he/service/car_licence_renewal,0,False,,2026-08-05T17:54:47
משרות ממשלתיות ללא מכרז,BASELINE,קבלת קהל ועמדות שירות,https://www.gov.il/he/government-service-branches/,0,False,,2026-08-05T17:54:47
משרות ממשלתיות ללא מכרז,BASELINE,בקשה למספר הקצאה לחשבונית מס | רשות המסים בישראל,https://www.gov.il/he/service/request-assignment-number-for-tax-invoice,10,False,location,2026-08-05T17:54:47
משרות ממשלתיות ללא מכרז,BASELINE,רשות המסים בישראל,https://www.gov.il/he/departments/israel_tax_authority/govil-landing-page,10,False,location,2026-08-05T17:54:47
משרות ממשלתיות ללא מכרז,BASELINE,"תחנות צילום לרישיון נהיגה, רישיון משיט והנפקת רישיון נהיגה בינלאומי | משרד התחבורה והבטיחות בדרכים",https://www.gov.il/he/departments/dynamiccollectors/photo_driving_license_stock,0,False,,2026-08-05T17:54:47
משרות ממשלתיות ללא מכרז,BASELINE,זימון תורים ועדכונים בקבלת קהל,https://www.gov.il/he/departments/topics/appointments/govil-landing-page,0,False,,2026-08-05T17:54:47
משרות ממשלתיות ללא מכרז,BASELINE,הגשת בקשה לקבלת תג חניה לנכה | משרד התחבורה והבטיחות בדרכים,https://www.gov.il/he/service/disability_parking_badge,0,False,,2026-08-05T17:54:47
משרות ממשלתיות ללא מכרז,BASELINE,משרדים וגופי ממשל,https://www.gov.il/he/departments/govil-landing-page,0,False,,2026-08-05T17:54:47
משרות ממשלתיות ללא מכרז,BASELINE,קבלת קהל,https://www.gov.il/he/government-service-branches,0,False,,2026-08-05T17:54:47
משרות ממשלתיות ללא מכרז,BASELINE,לאזור האישי,https://my.gov.il/,0,False,,2026-08-05T17:54:47
משרות ממשלתיות ללא מכרז,BASELINE,רכז/ת בכיר/ה (פיקוח וביקורת- דרום),https://www.gov.il/he/pages/job_number_142791,0,False,,2026-08-05T17:54:47
משרות ממשלתיות ללא מכרז,BASELINE,משרד החקלאות וביטחון המזון,https://www.gov.il/he/departments/ministry_of_agriculture_and_food_security,0,False,,2026-08-05T17:54:47
משרות ממשלתיות ללא מכרז,BASELINE,השירותים להגנת הצומח ולביקורת,https://www.gov.il/he/departments/Units/2ppis,0,False,,2026-08-05T17:54:47
משרות ממשלתיות ללא מכרז,BASELINE,דרושים במשרד החקלאות,https://www.gov.il/he/departments/topics/jobs_in_ministry_of_agriculture,0,False,,2026-08-05T17:54:47
משרות ממשלתיות ללא מכרז,BASELINE,רכז/ת בכיר/ה (פיקוח וביקורת- מרכז),https://www.gov.il/he/pages/job_number_142517,10,False,location,2026-08-05T17:54:47
משרות ממשלתיות ללא מכרז,BASELINE,למינהל סחר חוץ במשרד הכלכלה דרוש/ה סטודנט/ית,https://www.gov.il/he/pages/economy-job-foreign-trade-050826,0,False,,2026-08-05T17:54:47
משרות ממשלתיות ללא מכרז,BASELINE,משרד הכלכלה והתעשייה,https://www.gov.il/he/departments/ministry_of_economy,0,False,,2026-08-05T17:54:47
משרות ממשלתיות ללא מכרז,BASELINE,מינהל סחר חוץ,https://www.gov.il/he/departments/Units/foreign_trade,0,False,,2026-08-05T17:54:47
משרות ממשלתיות ללא מכרז,BASELINE,משרד הכלכלה והתעשייה מחפש מילוי מקום לתפקיד: מרכז/ת בכיר/ה (חוקיות היבוא),https://www.gov.il/he/pages/economy-job-import-010726,10,False,location,2026-08-05T17:54:47
משרות ממשלתיות ללא מכרז,BASELINE,רופא/ה וטרינר/ית (מחלות עופות),https://www.gov.il/he/pages/job_numer_143338,0,False,,2026-08-05T17:54:47
משרות ממשלתיות ללא מכרז,BASELINE,השירותים הווטרינריים ובריאות המקנה,https://www.gov.il/he/departments/Units/2vet,0,False,,2026-08-05T17:54:47
משרות ממשלתיות ללא מכרז,BASELINE,רופא/ה וטרינר/ית (בריאות העוף),https://www.gov.il/he/pages/job_number_80049633,0,False,,2026-08-05T17:54:47
משרות ממשלתיות ללא מכרז,BASELINE,דרוש סטודנט לאגף מזכירויות בהנהלת בתי המשפט,https://www.gov.il/he/pages/student_position050826,0,False,,2026-08-05T17:54:47
משרות ממשלתיות ללא מכרז,BASELINE,הרשות השופטת,https://www.gov.il/he/departments/the_judicial_authority,0,False,,2026-08-05T17:54:47
משרות ממשלתיות ללא מכרז,BASELINE,דרוש/דרושה מתמחה ללשכה משפטית מחוז ירושלים (מספר משרה 81131902),https://www.gov.il/he/pages/molsa-jobs-81131902-06082026-1,0,False,,2026-08-05T17:54:47
משרות ממשלתיות ללא מכרז,BASELINE,משרד הרווחה והביטחון החברתי,https://www.gov.il/he/departments/molsa,0,False,,2026-08-05T17:54:47
משרות ממשלתיות ללא מכרז,BASELINE,ייעוץ משפטי,https://www.gov.il/he/departments/Units/molsa-units-legal-office,0,False,,2026-08-05T17:54:47
משרות ממשלתיות ללא מכרז,BASELINE,"דרוש/ה סטודנט/ית בלשכת סמנכ""ל רישוי ופיקוח כלי ירייה במשרד לביטחון לאומי לאגף רישוי ופיקוח כלי ירייה במשרד לביטחון לאומי דרוש/ה סטודנט/ית",https://www.gov.il/he/pages/student_05_08_26_01,0,False,,2026-08-05T17:54:47
משרות ממשלתיות ללא מכרז,BASELINE,המשרד לביטחון לאומי,https://www.gov.il/he/departments/ministry_of_public_security,0,False,,2026-08-05T17:54:47
משרות ממשלתיות ללא מכרז,BASELINE,דרוש/ה: רופא/ה וטרינר/ית (בריאות העוף),https://www.gov.il/he/pages/job143340,0,False,,2026-08-05T17:54:47
משרות ממשלתיות ללא מכרז,BASELINE,לכל השירותים,https://www.gov.il/he/services,0,False,,2026-08-05T17:54:47
משרות ממשלתיות ללא מכרז,BASELINE,צרו קשר עם משרדי הממשלה,https://www.gov.il/he/departments/contact,0,False,,2026-08-05T17:54:47
משרות ממשלתיות ללא מכרז,BASELINE,למענה אנושי בצ'אט - מוקד  1299,https://mygovchat.gov.il/icr/bot.aspx?l=3,0,False,,2026-08-05T17:54:47
משרות ממשלתיות ללא מכרז,BASELINE,תמיכה טכנית בשירותים מקוונים,https://www.gov.il/he/departments/topics/online_forms1,0,False,,2026-08-05T17:54:47
משרות ממשלתיות ללא מכרז,BASELINE,מוקד מענה ממשלתי מרכזי,https://www.gov.il/he/departments/central-government-call-center/govil-landing-page,10,False,location,2026-08-05T17:54:47
משרות ממשלתיות ללא מכרז,BASELINE,פנייה לאבטחת מידע,https://www.gov.il/he/departments/general/contact-sec,0,False,,2026-08-05T17:54:47
משרות ממשלתיות ללא מכרז,BASELINE,מפת האתר,https://www.gov.il/he/sitemap,0,False,,2026-08-05T17:54:47
משרות ממשלתיות ללא מכרז,BASELINE,חופש המידע,https://www.gov.il/he/general/gov_freedom_of_information,0,False,,2026-08-05T17:54:47
משרות ממשלתיות ללא מכרז,BASELINE,למידע נוסף,https://www.gov.il/he/pages/gov_terms_of_use,0,False,,2026-08-05T17:54:47
מכבי,BASELINE,משרות פתוחות,https://www.maccabi4u.co.il/careers/search-job-positions/,0,False,,2026-08-05T17:55:08
מכבי,BASELINE,למה לעבוד במכבי,https://www.maccabi4u.co.il/careers/working-in-maccabi/,0,False,,2026-08-05T17:55:08
מכבי,BASELINE,תחומי עיסוק במכבי,https://www.maccabi4u.co.il/careers/occupations/,0,False,,2026-08-05T17:55:08
מכבי,BASELINE,מיון וגיוס,https://www.maccabi4u.co.il/careers/recruit/,0,False,,2026-08-05T17:55:08
מכבי,BASELINE,רופאים עצמאיים,https://www.maccabi4u.co.il/careers/independent-doctors/,0,False,,2026-08-05T17:55:08
מכבי,BASELINE,רווחה,https://www.maccabi4u.co.il/careers/welfare/,0,False,,2026-08-05T17:55:08
מכבי,BASELINE,התמחות ברפואה,https://www.maccabi4u.co.il/careers/specialization_family/info/,0,False,,2026-08-05T17:55:08
מכבי,BASELINE,סטודנטים לאֲחָיוּת,https://www.maccabi4u.co.il/careers/scholarship/,0,False,,2026-08-05T17:55:08
מכבי,BASELINE,להתפתח במכבי,https://www.maccabi4u.co.il/careers/career-path/,0,False,,2026-08-05T17:55:08
מכבי,BASELINE,נפגשים,https://www.maccabi4u.co.il/careers/volunteers/,0,False,,2026-08-05T17:55:08
מכבי,BASELINE,שירות לאומי,https://www.maccabi4u.co.il/careers/sherut-leumi/,0,False,,2026-08-05T17:55:08
מכבי,BASELINE,מכבי טבעי,https://clinics.maccabitivi.co.il/?adam_ref=501,0,False,,2026-08-05T17:55:08
מכבי,BASELINE,מכבי פארם,https://www.maccabi4u.co.il/careers/הזדמנויות-קריירה-במכבי-פארם/,0,False,,2026-08-05T17:55:08
מכבי,BASELINE,לאתר מכבי,https://www.maccabi4u.co.il/,0,False,,2026-08-05T17:55:08
מכבי,BASELINE,קריירה במכבי,https://www.maccabi4u.co.il/careers/,0,False,,2026-08-05T17:55:08
מכבי,BASELINE,לפרטי המשרה,https://www.maccabi4u.co.il/careers/all-positions/מתכנת-ת-5642/,0,False,,2026-08-05T17:55:08
מכבי,BASELINE,לפרטי המשרה,https://www.maccabi4u.co.il/careers/all-positions/מתכנת-ת-5716/,0,False,,2026-08-05T17:55:08
מכבי,BASELINE,לפרטי המשרה,https://www.maccabi4u.co.il/careers/all-positions/מתכנת-ת-5749/,0,False,,2026-08-05T17:55:08
מכבי,BASELINE,תנאי השימוש,https://www.maccabi4u.co.il/23085/policies_and_procedures/terms_of_use/,0,False,,2026-08-05T17:55:08
לאומית,BASELINE,יצירת קשר,https://www.leumit.co.il/contact-us/,0,False,,2026-08-05T17:57:28
לאומית,BASELINE,הצטרפות ללאומית,https://leumit.pigment-adv.co.il/women1st_kochava/?BannID=2926&jeruz=yes&utm_source=leumit_website_banner,0,False,,2026-08-05T17:57:28
לאומית,BASELINE,עברית,https://www.leumit.co.il/jobs/work-in-leumit/,0,False,,2026-08-05T17:57:28
לאומית,BASELINE,العربية,https://www.leumit.co.il/ar/jobs/work-in-leumit/,0,False,,2026-08-05T17:57:28
לאומית,BASELINE,אזור אישי,https://online.leumit.co.il/login,0,False,,2026-08-05T17:57:28
לאומית,BASELINE,מרכזים רפואיים,https://www.leumit.co.il/medicalcenterssearch/,10,False,location,2026-08-05T17:57:28
לאומית,BASELINE,רופאים ורופאות,https://www.leumit.co.il/doctorssearch/,0,False,,2026-08-05T17:57:28
לאומית,BASELINE,רפואה דחופה,https://www.leumit.co.il/emergencysearch/,0,False,,2026-08-05T17:57:28
לאומית,BASELINE,מיון נשים,https://www.leumit.co.il/womensemergencyhealthcenterssearch/,0,False,,2026-08-05T17:57:28
לאומית,BASELINE,"מכונים, מטפלים ומעבדות",https://www.leumit.co.il/outerservices/,0,False,,2026-08-05T17:57:28
לאומית,BASELINE,דיאטנים ודיאטניות,https://www.leumit.co.il/searchdiet/,0,False,,2026-08-05T17:57:28
לאומית,BASELINE,עובדים ועובדות סוציאליים,https://www.leumit.co.il/searchsocialworker/,0,False,,2026-08-05T17:57:28
לאומית,BASELINE,שירותי אופטיקה וחנויות בהסדר,https://www.leumit.co.il/opticasearch/,0,False,,2026-08-05T17:57:28
לאומית,BASELINE,בתי מרקחת,https://www.leumit.co.il/pharmacysearch/,0,False,,2026-08-05T17:57:28
לאומית,BASELINE,מרפאות שיניים,https://www.leumit.co.il/searchdental/,0,False,,2026-08-05T17:57:28
לאומית,BASELINE,"ניתוחים, מנתחים ומנתחות",https://www.leumit.co.il/searchoperations/,0,False,,2026-08-05T17:57:28
לאומית,BASELINE,תרופות וציוד רפואי,https://www.leumit.co.il/medicinesearch/,0,False,,2026-08-05T17:57:28
לאומית,BASELINE,איתור זכאויות,https://www.leumit.co.il/lobby-rights/,0,False,,2026-08-05T17:57:28
לאומית,BASELINE,השתתפויות עצמיות בסל הבריאות,https://www.leumit.co.il/insurance-policies/health-basket/health-basket-deductables/,0,False,,2026-08-05T17:57:28
לאומית,BASELINE,לאומית כסף וזהב,https://www.leumit.co.il/insurance-policies/leumit-silver-and-gold/,0,False,,2026-08-05T17:57:28
לאומית,BASELINE,תרופות ובדיקות המותנות בקבלת אישור,https://www.leumit.co.il/leumit-general/meds-approval/,0,False,,2026-08-05T17:57:28
לאומית,BASELINE,כרטיס הורה נוסף,https://www.leumit.co.il/leumit-general/magnetic-card-for-parents/,0,False,,2026-08-05T17:57:28
לאומית,BASELINE,"לאומית איתך, גם בדיגיטל",https://www.leumit.co.il/leumit-for-you/leumit-online/,0,False,,2026-08-05T17:57:28
לאומית,BASELINE,תור ללא כרטיס,https://online.leumit.co.il/login?deeplinkType=digitalcard,0,False,,2026-08-05T17:57:28
לאומית,BASELINE,כניסה לאיזור האישי,https://leumit.app.link/mftJSjYjHM,0,False,,2026-08-05T17:57:28
לאומית,BASELINE,קבלת החזרים,https://online.leumit.co.il/login?deeplinkType=refunds,0,False,,2026-08-05T17:57:28
לאומית,BASELINE,בקשת התחייבות (טופס 17),https://online.leumit.co.il/login?deeplinkType=obligationsAndReferrals,0,False,,2026-08-05T17:57:28
לאומית,BASELINE,התכתבות עם רופא/ה,https://online.leumit.co.il/login?deeplinkType=doctorRequests,0,False,,2026-08-05T17:57:28
לאומית,BASELINE,התכתבות עם רופא/ה נשים,https://online.leumit.co.il/login?deeplinkType=femaleDoctorRequests,0,False,,2026-08-05T17:57:28
לאומית,BASELINE,צפייה בתוצאות בדיקות,https://online.leumit.co.il/login?deeplinkType=testResults,0,False,,2026-08-05T17:57:28
לאומית,BASELINE,רפואת ילדים אונליין,https://night-car-forms-client.digitalprd.femi.com/home,0,False,,2026-08-05T17:57:28
לאומית,BASELINE,רפואת עור אונליין,https://night-car-forms-client.digitalprd.femi.com/skinhome,0,False,,2026-08-05T17:57:28
לאומית,BASELINE,השנה הראשונה,https://www.leumit.co.il/the-first-year/,0,False,,2026-08-05T17:57:28
לאומית,BASELINE,ילדים ומתבגרים,https://www.leumit.co.il/children-and-teenagers/,0,False,,2026-08-05T17:57:28
לאומית,BASELINE,צעירות וצעירים,https://www.leumit.co.il/young-adults/,0,False,,2026-08-05T17:57:28
לאומית,BASELINE,בריאות המשפחה,https://www.leumit.co.il/family-health/,0,False,,2026-08-05T17:57:28
לאומית,BASELINE,בריאות האישה,https://www.leumit.co.il/womens-health/,0,False,,2026-08-05T17:57:28
לאומית,BASELINE,מתחם הריון ולידה,https://www.leumit.co.il/pregnancy/,0,False,,2026-08-05T17:57:28
לאומית,BASELINE,בריאות אחרי גיל 65,https://www.leumit.co.il/65plus/,0,False,,2026-08-05T17:57:28
לאומית,BASELINE,התפתחות הילד,https://www.leumit.co.il/child-development/,0,False,,2026-08-05T17:57:28
לאומית,BASELINE,בריאות הנפש,https://www.leumit.co.il/mental-health-arena/,0,False,,2026-08-05T17:57:28
לאומית,BASELINE,לאומיתדנט – רפואת שיניים,https://www.leumit.co.il/dental-care/,0,False,,2026-08-05T17:57:28
לאומית,BASELINE,עיניים ומשקפיים,https://www.leumit.co.il/optics/,0,False,,2026-08-05T17:57:28
לאומית,BASELINE,תזונה ודיאטה,https://www.leumit.co.il/nutrition/,0,False,,2026-08-05T17:57:28
לאומית,BASELINE,רפואה משלימה,https://www.leumit.co.il/alternative-medicine/,0,False,,2026-08-05T17:57:28
לאומית,BASELINE,בריאות העור,https://www.leumit.co.il/dermatology/,0,False,,2026-08-05T17:57:28
לאומית,BASELINE,אורח חיים בריא,https://www.leumit.co.il/preventative-medicine/,0,False,,2026-08-05T17:57:28
לאומית,BASELINE,ריפוי בעיסוק,https://www.leumit.co.il/occupational-therapy/,0,False,,2026-08-05T17:57:28
לאומית,BASELINE,ביטוח סיעודי,https://www.leumit.co.il/insurance-policies/long-term-care-insurance/,0,False,,2026-08-05T17:57:28
לאומית,BASELINE,"ביטוח נסיעות לחו""ל",https://www.leumit.co.il/insurance-policies/travel-insurance/,0,False,,2026-08-05T17:57:28
לאומית,BASELINE,סל הבריאות,https://www.leumit.co.il/insurance-policies/health-basket/,0,False,,2026-08-05T17:57:28
לאומית,BASELINE,התמחות ברפואת משפחה ורפואת ילדים,https://www.leumit.co.il/jobs/family-medicine-residency/,0,False,,2026-08-05T17:57:28
לאומית,BASELINE,שירות לאומי,https://www.leumit.co.il/jobs/national-service/,0,False,,2026-08-05T17:57:28
לאומית,BASELINE,מכון המחקר של לאומית,https://www.leumit.co.il/jobs/research-center/,0,False,,2026-08-05T17:57:28
לאומית,BASELINE,טפסים להורדה,https://www.leumit.co.il/information-and-forms/,0,False,,2026-08-05T17:57:28
לאומית,BASELINE,פניות הציבור,https://www.leumit.co.il/contact-us/public-appeals/,0,False,,2026-08-05T17:57:28
לאומית,BASELINE,מידע ממשרד הבריאות,https://www.leumit.co.il/ministry-of-health/,0,False,,2026-08-05T17:57:28
לאומית,BASELINE,מעבר בין קופות חולים,https://www.leumit.co.il/leumit-general/transferring-between-health-funds/,0,False,,2026-08-05T17:57:28
לאומית,BASELINE,רשימת מנתחים לאומית זהב וכסף,https://www.leumit.co.il/media/peidn0hl/רשימת-מנתחים-לאומית-זהב-וכסף-0326.xlsx,0,False,,2026-08-05T17:57:28
לאומית,BASELINE,ועדת חריגים/ועדת ערר,https://www.leumit.co.il/leumit-general/appeals-committee/,0,False,,2026-08-05T17:57:28
לאומית,BASELINE,תקנות הסדרי הבחירה בין נותני שירותים,https://www.leumit.co.il/leumit-general/selection-arrangement/,0,False,,2026-08-05T17:57:28
לאומית,BASELINE,חופש המידע,https://www.leumit.co.il/leumit-general/freedom-of-information-act/,0,False,,2026-08-05T17:57:28
לאומית,BASELINE,רופא/ת נשים,https://www.leumit.co.il/jobs/work-in-leumit/doctor-positions/women-doctor/,0,False,,2026-08-05T17:57:28
לאומית,BASELINE,רופאי/ות משפחה,https://www.leumit.co.il/jobs/work-in-leumit/doctor-positions/1092/,0,False,,2026-08-05T17:57:28
לאומית,BASELINE,אורטופד/ית,https://www.leumit.co.il/jobs/work-in-leumit/doctor-positions/1193/,0,False,,2026-08-05T17:57:28
לאומית,BASELINE,רופא/ת אנדוקרינולוגיה סכרת,https://www.leumit.co.il/jobs/work-in-leumit/doctor-positions/1093/,0,False,,2026-08-05T17:57:28
לאומית,BASELINE,רופא/ת עור,https://www.leumit.co.il/jobs/work-in-leumit/doctor-positions/3888/,0,False,,2026-08-05T17:57:28
לאומית,BASELINE,רופא/ת אף אוזן גרון,https://www.leumit.co.il/jobs/work-in-leumit/doctor-positions/5138/,0,False,,2026-08-05T17:57:28
לאומית,BASELINE,מנהל/ת רפואי/ת,https://www.leumit.co.il/jobs/work-in-leumit/administrative-positions/5145/,0,False,,2026-08-05T17:57:28
לאומית,BASELINE,רופא/ת גסטרו,https://www.leumit.co.il/jobs/work-in-leumit/doctor-positions/5147/,0,False,,2026-08-05T17:57:28
לאומית,BASELINE,רופא/ה קרדיולוג/ית,https://www.leumit.co.il/jobs/work-in-leumit/doctor-positions/cardiologists/,0,False,,2026-08-05T17:57:28
לאומית,BASELINE,רופא/ת ריאות,https://www.leumit.co.il/jobs/work-in-leumit/doctor-positions/pulmonary-physician/,0,False,,2026-08-05T17:57:28
לאומית,BASELINE,רופא/ת עיניים,https://www.leumit.co.il/jobs/work-in-leumit/doctor-positions/ophthalmologist/,0,False,,2026-08-05T17:57:28
לאומית,BASELINE,רופא/ה ראומטולוג/ית,https://www.leumit.co.il/jobs/work-in-leumit/doctor-positions/rheumatologist/,0,False,,2026-08-05T17:57:28
לאומית,BASELINE,פסיכיאטר/ית ילדים ומבוגרים,https://www.leumit.co.il/jobs/work-in-leumit/doctor-positions/psychiatrist/,0,False,,2026-08-05T17:57:28
לאומית,BASELINE,רופאי/ות ילדים באזור השפלה ודרום,https://www.leumit.co.il/jobs/work-in-leumit/doctor-positions/2399/,0,False,,2026-08-05T17:57:28
לאומית,BASELINE,רופאי/ות ילדים באזור הצפון וירושלים,https://www.leumit.co.il/jobs/work-in-leumit/doctor-positions/3908/,0,False,,2026-08-05T17:57:28
לאומית,BASELINE,אח.ות בקרה אסותא אשדוד,https://www.leumit.co.il/jobs/work-in-leumit/nursing-positions/5632/,0,False,,2026-08-05T17:57:28
לאומית,BASELINE,אח.ות בקרת אשפוז איכילוב,https://www.leumit.co.il/jobs/work-in-leumit/nursing-positions/5527/,0,False,,2026-08-05T17:57:28
לאומית,BASELINE,רוקח/ת מחליפ/ה,https://www.leumit.co.il/jobs/work-in-leumit/pharmacist-positions/3853/,0,False,,2026-08-05T17:57:28
לאומית,BASELINE,רוקח/ת אחראי/ת,https://www.leumit.co.il/jobs/work-in-leumit/pharmacist-positions/5218/,0,False,,2026-08-05T17:57:28
לאומית,BASELINE,רוקח.ת מוסמכ.ת לסניף קרית אונו,https://www.leumit.co.il/jobs/work-in-leumit/pharmacist-positions/5369/,0,False,,2026-08-05T17:57:28
לאומית,BASELINE,רוקח.ת אזור ציון -מחוז ירושלים,https://www.leumit.co.il/jobs/work-in-leumit/pharmacist-positions/5787/,0,False,,2026-08-05T17:57:28
לאומית,BASELINE,מטפלים.ות לתחום בריאות הנפש,https://www.leumit.co.il/jobs/work-in-leumit/healhcare-proffessional-positions/3890/,0,False,,2026-08-05T17:57:28
לאומית,BASELINE,תומכים.ות למערך בריאות הנפש,https://www.leumit.co.il/jobs/work-in-leumit/healhcare-proffessional-positions/5435/,0,False,,2026-08-05T17:57:28
לאומית,BASELINE,תומכים.ות למערך בריאות הנפש,https://www.leumit.co.il/jobs/work-in-leumit/healhcare-proffessional-positions/5071/,0,False,,2026-08-05T17:57:28
לאומית,BASELINE,עובד.ת סוציאלי.ת להתפתחות הילד,https://www.leumit.co.il/jobs/work-in-leumit/healhcare-proffessional-positions/5118/,0,False,,2026-08-05T17:57:28
לאומית,BASELINE,מנהל.ת יחידת התפתחות הילד,https://www.leumit.co.il/jobs/work-in-leumit/administrative-positions/4889/,0,False,,2026-08-05T17:57:28
לאומית,BASELINE,קלינאי.יות תקשורת למערך התפתחות הילד,https://www.leumit.co.il/jobs/work-in-leumit/healhcare-proffessional-positions/5436/,0,False,,2026-08-05T17:57:28
לאומית,BASELINE,מנהל.ת תחום התפתחות הילד - מחוז מרכז,https://www.leumit.co.il/jobs/work-in-leumit/administrative-positions/5370/,10,False,location,2026-08-05T17:57:28
לאומית,BASELINE,מנהל.ת בריאות הנפש מחוזי.ת - מחוז ירושלים,https://www.leumit.co.il/jobs/work-in-leumit/administrative-positions/5293/,0,False,,2026-08-05T17:57:28
לאומית,BASELINE,"מנהל.ת מכוני פיזיותרפיה מקור ברוך, רמות כיסופים, נווה יעקב -מחוז ירושלים",https://www.leumit.co.il/jobs/work-in-leumit/administrative-positions/5807/,0,False,,2026-08-05T17:57:28
לאומית,BASELINE,מנהל.ת ריפוי בעיסוק מחוזי - מחוז מרכז,https://www.leumit.co.il/jobs/work-in-leumit/administrative-positions/5522/,10,False,location,2026-08-05T17:57:28
לאומית,BASELINE,קלינאי.ת תקשורת אחראית - ירושלים,https://www.leumit.co.il/jobs/work-in-leumit/קלינאי.ת תקשורת אחראית - ירושלים,0,False,,2026-08-05T17:57:28
לאומית,BASELINE,רכז.ת תחום למדור איסוף מידע רפואי,https://www.leumit.co.il/jobs/work-in-leumit/administrative-positions/5684/,0,False,,2026-08-05T17:57:28
לאומית,BASELINE,מנהל.ת מרכז רפואי נווה זאב - באר שבע,https://www.leumit.co.il/jobs/work-in-leumit/administrative-positions/5604/,10,False,location,2026-08-05T17:57:28
לאומית,BASELINE,מנהל.ת מרכז רפואי - יהוד,https://www.leumit.co.il/jobs/work-in-leumit/administrative-positions/5702/,10,False,location,2026-08-05T17:57:28
לאומית,BASELINE,מנהל.ת מרכז רפואי - אגמים אשקלון,https://www.leumit.co.il/jobs/work-in-leumit/administrative-positions/5799/,10,False,location,2026-08-05T17:57:28
לאומית,BASELINE,רכז.ת תחום אגף רפואה ראשונית,https://www.leumit.co.il/jobs/work-in-leumit/administrative-positions/5840/,0,False,,2026-08-05T17:57:28
לאומית,BASELINE,ראש צוות דיגיטל לבקשות להתחייבויות ובדיקות רפואיות,https://www.leumit.co.il/jobs/work-in-leumit/programming-and-it-positions/5418/,0,False,,2026-08-05T17:57:28
לאומית,BASELINE,רכז.ת תחום אישורים רפואים,https://www.leumit.co.il/jobs/work-in-leumit/programming-and-it-positions/5736/,0,False,,2026-08-05T17:57:28
לאומית,BASELINE,מנהל.ת מרכז רפואי - נתיבות,https://www.leumit.co.il/jobs/work-in-leumit/administrative-positions/5722/,10,False,location,2026-08-05T17:57:28
לאומית,BASELINE,מנהל.ת מרכז רפואי - חולון סוקולוב,https://www.leumit.co.il/jobs/work-in-leumit/administrative-positions/5770/,10,False,location,2026-08-05T17:57:28
לאומית,BASELINE,ניהול מערך פיתוח שירותים רפואים- חטיבת כספים ורכש- הנהלה ראשית,https://www.leumit.co.il/jobs/work-in-leumit/administrative-positions/5791/,0,False,,2026-08-05T17:57:28
לאומית,BASELINE,העסקת עובדים עם מוגבלות להמשך קריאה,https://www.leumit.co.il/jobs/hiring-workers-with-disability/,0,False,,2026-08-05T17:57:28
לאומית,BASELINE,תהליך הגיוס והמיון בלאומית להמשך קריאה,https://www.leumit.co.il/jobs/recruitment-and-selection/,0,False,,2026-08-05T17:57:28
לאומית,BASELINE,7 כללים שיעזרו לכם במהלך ראיון עבודה להמשך קריאה,https://www.leumit.co.il/jobs/7-ruls/,0,False,,2026-08-05T17:57:28
לאומית,BASELINE,הדרך הטובה ביותר להתכונן ליום אבחון במכון מיון להמשך קריאה,https://www.leumit.co.il/jobs/prepare-for-diagnosis-day/,0,False,,2026-08-05T17:57:28
לאומית,BASELINE,שירות ללא כרטיס,https://online2.leumit.co.il/Online/Login/LoginFromDeepLink.aspx?DeepLink=OneDayApproval,0,False,,2026-08-05T17:57:28
לאומית,BASELINE,בקשת התחייבות,https://online2.leumit.co.il/Online/Login/LoginFromDeepLink.aspx?DeepLink=Obligations,0,False,,2026-08-05T17:57:28
לאומית,BASELINE,תוצאות בדיקה,https://online2.leumit.co.il/Online/Login/LoginFromDeepLink.aspx?DeepLink=Results,0,False,,2026-08-05T17:57:28
לאומית,BASELINE,התכתבות עם רופא/ה,https://online2.leumit.co.il/Online/Login/LoginFromDeepLink.aspx?DeepLink=DoctorRequest,0,False,,2026-08-05T17:57:28
לאומית,BASELINE,ייעוץ רפואי 24/7,https://www.leumit.co.il/leumit-for-you/247-medical-advice/,0,False,,2026-08-05T17:57:28
לאומית,BASELINE,לאומית MOM - מוקד הריון ולידה,https://www.leumit.co.il/pregnancy/leumit-mom/,0,False,,2026-08-05T17:57:28
לאומית,BASELINE,תקנון לאומית שירותי בריאות,https://www.leumit.co.il/leumit-general/bylaws-of-leumit-health-services/,0,False,,2026-08-05T17:57:28
לאומית,BASELINE,בואו לעבוד ולהתנדב בלאומית,https://www.leumit.co.il/jobs/,0,False,,2026-08-05T17:57:28
לאומית,BASELINE,אפליקציית לאומית להורדה,http://app.leumit.co.il/login,0,False,,2026-08-05T17:57:28
לאומית,BASELINE,אפליקציית +FIT להורדה,https://leumitfit.onelink.me/EY0x,0,False,,2026-08-05T17:57:28
לאומית,BASELINE,ועדת איתור,https://www.google.com,0,False,,2026-08-05T17:57:28
מאוחרת,BASELINE,הצטרפות למאוחדת,https://www.meuhedet.co.il/campaigns-he/?utm_source=8&utm_campaign=18&utm_content=regular,0,False,,2026-08-05T17:57:58
מאוחרת,BASELINE,אזור אישי,https://online.meuhedet.co.il/,0,False,,2026-08-05T17:57:58
מאוחרת,BASELINE,הצטרפו למאוחדת,https://www.meuhedet.co.il/הצטרפו-למאוחדת/,0,False,,2026-08-05T17:57:58
מאוחרת,BASELINE,מידע ללקוח,https://www.meuhedet.co.il/מידע-ללקוח/,0,False,,2026-08-05T17:57:58
מאוחרת,BASELINE,מאוחדת Longevity,https://www.meuhedet.co.il/מאוחדת-longevity/,0,False,,2026-08-05T17:57:58
מאוחרת,BASELINE,מאוחדת בחירום פה בשבילכם,https://www.meuhedet.co.il/מאוחדת-בחירום/,0,False,,2026-08-05T17:57:58
מאוחרת,BASELINE,WOW מאוחדת,https://www.meuhedet.co.il/wow-מאוחדת/,0,False,,2026-08-05T17:57:58
מאוחרת,BASELINE,מאוחדת ג'וניור,https://www.meuhedet.co.il/מאוחדת-גוניור/,5,False,level,2026-08-05T17:57:58
מאוחרת,BASELINE,מאוחדת WELCOME,https://www.meuhedet.co.il/מאוחדת-welcome/,0,False,,2026-08-05T17:57:58
מאוחרת,BASELINE,מאוחדת היברידית,https://www.meuhedet.co.il/מאוחדת-היברידית/,0,False,,2026-08-05T17:57:58
מאוחרת,BASELINE,"ביטוחים: סיעודי, עדיף ושיא",https://www.meuhedet.co.il/ביטוחים/,0,False,,2026-08-05T17:57:58
מאוחרת,BASELINE,מאוחדת בדיגיטל,https://www.meuhedet.co.il/מאוחדת-אונליין-אתר-ואפליקציה/,0,False,,2026-08-05T17:57:58
מאוחרת,BASELINE,מאוחדת לנפש,https://www.meuhedet.co.il/מאוחדת-לנפש/,0,False,,2026-08-05T17:57:58
מאוחרת,BASELINE,מאוחדת פארם,https://www.meuhedet.co.il/מאוחדת-פארם/,0,False,,2026-08-05T17:57:58
מאוחרת,BASELINE,היריון ולידה,https://www.meuhedet.co.il/היריון-ולידה/,0,False,,2026-08-05T17:57:58
מאוחרת,BASELINE,סרטן השד,https://www.meuhedet.co.il/סרטן-השד/,0,False,,2026-08-05T17:57:58
מאוחרת,BASELINE,ניידת בריאות האישה,https://www.meuhedet.co.il/ניידת-בריאות-האישה/,0,False,,2026-08-05T17:57:58
מאוחרת,BASELINE,התפתחות הילד,https://www.meuhedet.co.il/התפתחות-הילד/,0,False,,2026-08-05T17:57:58
מאוחרת,BASELINE,אזרחים ותיקים,https://www.meuhedet.co.il/אזרחים-ותיקים/,0,False,,2026-08-05T17:57:58
מאוחרת,BASELINE,עבודה סוציאלית במאוחדת,https://www.meuhedet.co.il/עבודה-סוציאלית-במאוחדת/,0,False,,2026-08-05T17:57:58
מאוחרת,BASELINE,מאוחדת שיניים,https://www.meuhedet.co.il/מאוחדת-שיניים/,0,False,,2026-08-05T17:57:58
מאוחרת,BASELINE,סדנאות לקידום הבריאות,https://www.meuhedet.co.il/סדנאות-לקידום-הבריאות/,0,False,,2026-08-05T17:57:58
מאוחרת,BASELINE,קלינאות תקשורת,https://www.meuhedet.co.il/קלינאות-תקשורת/,0,False,,2026-08-05T17:57:58
מאוחרת,BASELINE,מאוחדת למטיילים,https://www.meuhedet.co.il/מאוחדת-למטיילים/,0,False,,2026-08-05T17:57:58
מאוחרת,BASELINE,ריפוי בעיסוק,https://www.meuhedet.co.il/ריפוי-בעיסוק/,0,False,,2026-08-05T17:57:58
מאוחרת,BASELINE,מאוחדת משלימה,https://www.meuhedet.co.il/מאוחדת-משלימה/,0,False,,2026-08-05T17:57:58
מאוחרת,BASELINE,מאוחדת אסתטיקה,https://www.meuhedet.co.il/מאוחדת-אסתטיקה/,0,False,,2026-08-05T17:57:58
מאוחרת,BASELINE,מאוחדת אופטיקה,https://www.meuhedet.co.il/מאוחדת-אופטיקה/,0,False,,2026-08-05T17:57:58
מאוחרת,BASELINE,קנאביס רפואי,https://www.meuhedet.co.il/קנאביס/,0,False,,2026-08-05T17:57:58
מאוחרת,BASELINE,קריירה במאוחדת,https://www.meuhedet.co.il/דרושים/,0,False,,2026-08-05T17:57:58
מאוחרת,BASELINE,שאלות ותשובות,https://www.meuhedet.co.il/שאלות-ותשובות/,0,False,,2026-08-05T17:57:58
מאוחרת,BASELINE,Medica – מדיקה,https://www.meuhedet.co.il/medica-מדיקה/,0,False,,2026-08-05T17:57:58
מאוחרת,BASELINE,גיל המעבר,https://www.meuhedet.co.il/גיל-המעבר/,0,False,,2026-08-05T17:57:58
מאוחרת,BASELINE,עולם בריאות האישה,https://www.meuhedet.co.il/עולם-בריאות-האישה/,0,False,,2026-08-05T17:57:58
מאוחרת,BASELINE,ערכי מאוחדת,https://www.meuhedet.co.il/מידע-ללקוח/ערכי-מאוחדת/,0,False,,2026-08-05T17:57:58
מאוחרת,BASELINE,הסדרי הבחירה ושירותים בקופה,https://www.meuhedet.co.il/מידע-ללקוח/הסדרי-הבחירה-ושירותים-במאוחדת/,0,False,,2026-08-05T17:57:58
מאוחרת,BASELINE,השתתפויות ופטורים,https://www.meuhedet.co.il/מידע-ללקוח/השתתפויות-ופטורים/,0,False,,2026-08-05T17:57:58
מאוחרת,BASELINE,ערעורים וועדת חריגים,https://www.meuhedet.co.il/מידע-ללקוח/ועדת-חריגים/,0,False,,2026-08-05T17:57:58
מאוחרת,BASELINE,תקנון מאוחדת,https://www.meuhedet.co.il/media/8400/takanon_meuchedet_web.pdf,0,False,,2026-08-05T17:57:58
מאוחרת,BASELINE,תנאי השימוש,https://www.meuhedet.co.il/media/8528/tnai-sh.pdf,0,False,,2026-08-05T17:57:58
מאוחרת,BASELINE,הודעה בנוגע להסדר פשרה בתביעה ייצוגית 23272-06-23,https://www.meuhedet.co.il/מידע-ללקוח/הודעה-בנוגע-להסדר-פשרה-בתביעה-ייצוגית-23272-06-23/,0,False,,2026-08-05T17:57:58
מאוחרת,BASELINE,זכויות ושירותים לניצולי השואה,https://www.meuhedet.co.il/מידע-ללקוח/זכאות-מתוקף-חוקים/זכויות-ושירותים-לניצולי-השואה/,0,False,,2026-08-05T17:57:58
מאוחרת,BASELINE,תאונות דרכים,https://www.meuhedet.co.il/מידע-ללקוח/זכאות-מתוקף-חוקים/תאונות-דרכים/,0,False,,2026-08-05T17:57:58
מאוחרת,BASELINE,טיפול בתאונות עבודה,https://www.meuhedet.co.il/מידע-ללקוח/זכאות-מתוקף-חוקים/טיפול-בתאונות-עבודה/,0,False,,2026-08-05T17:57:58
מאוחרת,BASELINE,טיפולים לילדים על הרצף האוטיסטי,https://www.meuhedet.co.il/מידע-ללקוח/זכאות-מתוקף-חוקים/טיפולים-לילדים-על-הרצף-האוטיסטי/,0,False,,2026-08-05T17:57:58
מאוחרת,BASELINE,מחלת הסרטן,https://www.meuhedet.co.il/מידע-ללקוח/זכאות-מתוקף-חוקים/מחלת-הסרטן/,0,False,,2026-08-05T17:57:58
מאוחרת,BASELINE,חוק זכויות החולה,https://www.meuhedet.co.il/media/1689/חוק-זכויות-החולה.pdf,0,False,,2026-08-05T17:57:58
מאוחרת,BASELINE,לשמור על הבריאות והזכויות,https://www.meuhedet.co.il/media/1690/לשמור-על-הבריאות-והזכויות.pdf,0,False,,2026-08-05T17:57:58
מאוחרת,BASELINE,מאגר התרופות,https://www.gov.il/he/service/israeli-drug-index,0,False,,2026-08-05T17:57:58
מאוחרת,BASELINE,חוק ביטוח בריאות ממלכתי,https://www.gov.il/he/Departments/Guides/returning_residents_about_health,0,False,,2026-08-05T17:57:58
מאוחרת,BASELINE,קבילות הציבור במשרד הבריאות,https://www.health.gov.il/Subjects/UninsuredRights/NationalHealthAdmissibility/Pages/Public_Complaints_Commission.aspx,0,False,,2026-08-05T17:57:58
מאוחרת,BASELINE,"חוזרי מנכ""ל משרד הבריאות",https://www.health.gov.il/UnitsOffice/GeneralManager/Pages/All_files.aspx,0,False,,2026-08-05T17:57:58
מאוחרת,BASELINE,הנפקת כרטיס מגנטי להורים עבור ילדיהם,https://www.health.gov.il/hozer/sbn12_2009.pdf,0,False,,2026-08-05T17:57:58
מאוחרת,BASELINE,כל הבריאות,http://call.gov.il/infocenter/index?page=home,0,False,,2026-08-05T17:57:58
מאוחרת,BASELINE,קריירה במאוחדת,https://www.meuhedet.co.il/דרושים/קריירה-במאוחדת/,0,False,,2026-08-05T17:57:58
מאוחרת,BASELINE,דרושים,https://www.meuhedet.co.il/דרושים/דרושים/,0,False,,2026-08-05T17:57:58
מאוחרת,BASELINE,שירות לאומי,https://www.meuhedet.co.il/דרושים/שירות-לאומי/,0,False,,2026-08-05T17:57:58
מאוחרת,BASELINE,התמחות ברפואת המשפחה,https://www.meuhedet.co.il/דרושים/התמחות-ברפואת-המשפחה-במאוחדת/,0,False,,2026-08-05T17:57:58
מאוחרת,BASELINE,מכרזים פעילים,https://www.meuhedet.co.il/מכרזים/מכרזים-פעילים/,0,False,,2026-08-05T17:57:58
מאוחרת,BASELINE,יצירת קשר מאוחדת,https://www.meuhedet.co.il/מידע-ללקוח/יצירת-קשר-מאוחדת/,0,False,,2026-08-05T17:57:58
מאוחרת,BASELINE,נווה עמית,http://neve-amit.co.il/,0,False,,2026-08-05T17:57:58
איכילוב,BASELINE,"# 198794 גוש דן 5/8/2026 רכז.ת משאבי אנוש אגף משאבי אנוש מגייס רכז.ת משאבי אנוש לסקטור רפואה 

   במסגרת התפקיד:   

 
	 טיפול כולל בפרט החל משלב הקליטה דרך ליווי בחייהם הארגוניים של העובדים ועד לסיומי העסקה 
	 מתן שירות פרונטאלי, טלפוני ומיילי לעובדים, מנהלים וגורמים נוספים ומגוונים במרכז 0",https://jobs.tasmc.org.il/Positions/redmatch-apply/redmatch.apply.html?compPositionID=198794,10,False,location,2026-08-05T17:58:09
איכילוב,BASELINE,"# 198788 גוש דן 5/8/2026 מנהל.ת תפעול מרפאות מערך א.א.ג תיאור תפקיד:    

 
	   הובלת התפעול השוטף של מערך המרפאות, בהתאם ליעדים, תוכניות העבודה ומדדי הביצוע  .    
	   בנייה, יישום ובקרה של תוכניות עבודה תפעוליות, כולל מעקב אחר ביצועים והובלת תהליכי שיפור  .    
	   ניהול והובלת הצוות המנהלי, כולל תכ 0",https://jobs.tasmc.org.il/Positions/redmatch-apply/redmatch.apply.html?compPositionID=198788,10,False,location,2026-08-05T17:58:09
איכילוב,BASELINE,"# 198783 גוש דן 5/8/2026 סטודנט.ית לעבודת טיוב נתונים וניהול ידע במחלקה משפטית תיאור התפקיד:  

 

	 ניהול, איתור, קליטה, עדכון מידע ובקרה על הנתונים במערכת לניהול תיקים משפטיים בלשכה המשפטית.   

	בכלל זה: העברת נתונים מדו""חות אקסל למערכת ניהול התיקים ואיתור נתונים מתוך מסמכים משפטיים ועדכונם במערכת ניהול התיקים. 

	 סיוע ב",https://jobs.tasmc.org.il/Positions/redmatch-apply/redmatch.apply.html?compPositionID=198783,10,False,location,2026-08-05T17:58:09
איכילוב,BASELINE,"# 198747 גוש דן 2/8/2026 מתאמ.ת פרויקטים במרכז הארצי למניעת זיהומים מתאם.ת הפרויקטים מהווה את ציר התיאום, המעקב והתקשורת המרכזי לקידום פרויקטים ארגוניים ומקצועיים. התפקיד כולל ניהול משימות מרובות במקביל, סנכרון בין גורמים שונים (פנימיים וחיצוניים), מעקב אחר לוחות זמנים, מעקב אחר מידע שמגיע ממוסדות חוץ, טיוב נתונים 0",https://jobs.tasmc.org.il/Positions/redmatch-apply/redmatch.apply.html?compPositionID=198747,10,False,location,2026-08-05T17:58:09
איכילוב,BASELINE,"# 198735 גוש דן 30/7/2026 מזכיר.ת טרום ניתוח כירורגיה פלסטית 50% תיאור תפקיד: 

 

	 קבלת מטופלים לטרום ניתוח 

	 הכוונת מטופלים בין התחנות ביחידה 

	 תפעול ותאום הגשות של טופס 17 

	 מעקב ובקרה אחר הגעת מטופלים 

	 בקרה וסיכום ""סוף יום"" בתום יום טיפול 

 

 

 דרישות: 



 

	 תעודת מזכירות רפואית או ניסיון אדמניס",https://jobs.tasmc.org.il/Positions/redmatch-apply/redmatch.apply.html?compPositionID=198735,10,False,location,2026-08-05T17:58:09
איכילוב,BASELINE,"# 198724 גוש דן 30/7/2026 בקר.ית בטיחות לפרויקטים בבניה אגף לוגיסטיקה ותשתיות מגייס לחטיבת הנדסה בינוי ואחזקה בקר.ית בטיחות לפרויקטים בבניה 

  במסגרת התפקיד:   

אחריות מלאה על הטמעה, פיקוח ואכיפה של נהלי הבטיחות והגהות באתרי הבנייה של החברה, במטרה למנוע תאונות עבודה, להבטיח סביבת עבודה בטוחה ולעמוד בדרישו",https://jobs.tasmc.org.il/Positions/redmatch-apply/redmatch.apply.html?compPositionID=198724,10,False,location,2026-08-05T17:58:09
איכילוב,BASELINE,"# 198715 גוש דן 28/7/2026 מזכיר.ה רפואי.ת להנהלת האחיות תיאור תפקיד:  

 

	 מתן שירות אדמיניסטרטיבי שוטף במחלקה, לרבות טיפול במסמכים רפואיים, טפסים והתכתבויות. 

	 קבלת מטופלים ובני משפחותיהם ומתן מענה טלפוני ופרונטלי. 

	 תיאום בדיקות, ייעוצים, זימונים והעברת מידע בין הגורמים הרלוונטיים. 

	 עבודה שוטפת מו",https://jobs.tasmc.org.il/Positions/redmatch-apply/redmatch.apply.html?compPositionID=198715,10,False,location,2026-08-05T17:58:09
איכילוב,BASELINE,"# 198697 גוש דן 27/7/2026 סייע.ת שיניים לרופא.ת שיניים למרכז בריאות הפה דרוש.ה סייע.ת שיניים לרופא.ת שיניים בהיקף משרה גמישה (מלא / חלקי)   

 

   תיאור תפקיד     :    

 

	    סיוע לרופאי השיניים במגוון טיפולים נרחב על כל תחומי הסייעות .   

	    ממשקים פנים ארגוניים: עבודה במרפאת שיקום הפה, מרפאת פה ול",https://jobs.tasmc.org.il/Positions/redmatch-apply/redmatch.apply.html?compPositionID=198697,10,False,location,2026-08-05T17:58:09
איכילוב,BASELINE,"# 198670 גוש דן 26/7/2026 טכנולוג.ית רפואי.ת לצוות התרנוסטיקה במכון לרפואה גרעינית ( 30-50% משרה) צוות התרנוסטיקה במכון לרפואה גרעינית מגייס טכנולוג.ית רפוא.ית (רצוי עם התמחות בהנדסה רפואית או איזוטופים) למשרה חלקית וגמישה     

 

      תיאור התפקיד        :      

 

	     הכנה וליווי מטופלים      

	     עבודה מול צוות מולטידסיפלינרי בהיבטים טכ",https://jobs.tasmc.org.il/Positions/redmatch-apply/redmatch.apply.html?compPositionID=198670,10,False,location,2026-08-05T17:58:09
איכילוב,BASELINE,"# 198686 גוש דן 23/7/2026 קול קורא: מרכז.ת מסלול תכנית הסבת אקדמאים לאחיות ביה""ס האקדמי לאחיות ע""ש שיינברון במרכז הרפואי איכילוב מתרחב ומזמין אותך להצטרף לסגל ביה""ס 

 

מהות התפקיד:   

 

	    ריכוז כיתה בתכנית הסבת אקדמאים, תוך ניהול והובלת הפעילות האקדמית והקלינית השוטפת    

	    ליווי אישי מקצועי ואקדמי ש",https://jobs.tasmc.org.il/Positions/redmatch-apply/redmatch.apply.html?compPositionID=198686,10,False,location,2026-08-05T17:58:09
איכילוב,BASELINE,"# 198685 גוש דן 23/7/2026 אח.ות מומחה.ית קליני.ית – מתאמ.ת בתחום הסוכרת דרוש.ה: אח.ות מומחה.ית קליני.ית - מתאמ.ת בתחום הסוכרת   

     במסגרת התפקיד:    

 

	   הובלת המערך הקליני   

	   קידום איכות ובטיחות הטיפול   

	      הטמעת סטנדרטים מתקדמים בחזית העשייה.      

 

    דרישות התפקיד:    



 

	     הכשרה:  הכרה כמומחה.",https://jobs.tasmc.org.il/Positions/redmatch-apply/redmatch.apply.html?compPositionID=198685,10,False,location,2026-08-05T17:58:09
איכילוב,BASELINE,"# 198682 גוש דן 23/7/2026 מיישמ.ת סייבר ותקשורת אגף מערכות מידע מגייס מיישמ.ת סייבר ותקשורת עם ניסיון    Hands-On   , חשיבה עצמאית ורעב אמיתי לטכנולוגיה, שרוצה ללמוד, להתפתח, להשפיע ולהיכנס לעומק של הטכנולוגיה.  

   במסגרת התפקיד      :     

 

	    הטמעה, קונפיגורציה ותחזוקה של פתרונות סייבר, ת",https://jobs.tasmc.org.il/Positions/redmatch-apply/redmatch.apply.html?compPositionID=198682,10,False,location,2026-08-05T17:58:09
איכילוב,BASELINE,"# 198625 גוש דן 19/7/2026 מנהל.ת מעבדת מחקר -  מערך העור מעבדת דרמטולוגיה מולקולרית במערך העור במרכז הרפואי ת""א (איכילוב) מגייסת מנהל.ת מעבדה   

    תיאור התפקיד      

 

	     אחריות על ניהול הפעילות במעבדת המחקר     

	     ניהול תכניות המחקר, הזמנה ואחזקת ציוד, גיוס והכשרת צוות המחקר, הדרכת סטודנ",https://jobs.tasmc.org.il/Positions/redmatch-apply/redmatch.apply.html?compPositionID=198625,10,False,location,2026-08-05T17:58:09
איכילוב,BASELINE,"# 198589 גוש דן 19/7/2026 רכז.ת חשבונות אשפוז תיאור תפקיד:  

 

	 ביצוע תהליך הפקת חשבונות אשפוז. התהליך מתבצע במספר שלבים הכוללים עבודה טכנית שוטפת על מספר מערכות, יישום הנחיות משרד הבריאות, חיוב, בקרה מול מחלקות האשפוז והמכונים הרפואיים 

	 עבודה מול המבטחים (קופות חולים, צה""ל, משהב""",https://jobs.tasmc.org.il/Positions/redmatch-apply/redmatch.apply.html?compPositionID=198589,10,False,location,2026-08-05T17:58:09
איכילוב,BASELINE,"# 198597 גוש דן 16/7/2026 עובד.ת מעבדה גנטית תיאור המשרה   :    

 

	    ביצוע תהליכי  NGS  מקצה לקצה כולל הכנת ספריות לריצוף, כימות דגימות ונירמולן לצורך הרצה אופטימלית במכשירי ריצוף של אילומינה.    

	    הפקות  DNA / RNA  מדגימות מגוונות.    

	    ביצוע בדיקות אבחון גנטיות במגוון שיטות (כ",https://jobs.tasmc.org.il/Positions/redmatch-apply/redmatch.apply.html?compPositionID=198597,10,False,location,2026-08-05T17:58:09
איכילוב,BASELINE,"# 198594 גוש דן 15/7/2026 דיאטן.ית - 50% משרה המרכז הרפואי לבריאות הנפש אברבנאל והמרכז הרפואי ע״ש סוראסקי תל אביב (איכילוב) מזמינים אותך להצטרף לצוות רב מקצועי מוביל לתפקיד דיאטני.ת בהיקף של 50% משרה 

 

  במסגרת התפקיד:    

 

	     אבחון, הערכה תזונתית ובניית תוכניות טיפול מותאמות אישית למטופל",https://jobs.tasmc.org.il/Positions/redmatch-apply/redmatch.apply.html?compPositionID=198594,10,False,location,2026-08-05T17:58:09
איכילוב,BASELINE,"# 198595 גוש דן 15/7/2026 פיזיותרפיסט.ית המרכז הרפואי לבריאות הנפש אברבנאל והמרכז הרפואי ע״ש סוראסקי תל אביב (איכילוב) מזמינים אותך להצטרף לצוות רב מקצועי מוביל לתפקיד פיזיותרפיסט.ית 

 

  במסגרת התפקיד:    

 

	   ביצוע הערכות תפקודיות, אבחון ובניית תוכניות טיפול ושיקום פיזיותרפיסטיות (פרט",https://jobs.tasmc.org.il/Positions/redmatch-apply/redmatch.apply.html?compPositionID=198595,10,False,location,2026-08-05T17:58:09
איכילוב,BASELINE,"# 198593 גוש דן 15/7/2026 קלינאי.ת תקשורת המרכז הרפואי לבריאות הנפש אברבנאל והמרכז הרפואי ע״ש סוראסקי תל אביב (איכילוב) מזמינים אותך להצטרף לצוות רב מקצועי מוביל לתפקיד קלינאי.ת תקשורת 

 

  במסגרת התפקיד:    

 

	   אבחון, קביעת תכניות טיפול בכל תחומי המקצוע, בדגש על הפרעות אכילה ובליעה בשי",https://jobs.tasmc.org.il/Positions/redmatch-apply/redmatch.apply.html?compPositionID=198593,10,False,location,2026-08-05T17:58:09
איכילוב,BASELINE,"# 197716 גוש דן 13/7/2026 רופא.ה מסייע.ת באשפוז יום וביצוע מוחות עצם התפקיד הנו במחלקת  אשפוז יום המטולוגי ומאפשר חשיפה למחקרים פורצי דרך והכרות והתנסות במחקרים קלינים 
התפקיד כולל- 
 * ביצוע פרוצדורות רפואיות כגון ביצוע מוחות עצם עם אפשרות להכשרה לביצוע נוזל חוט שדרה והכנסת צנתרים מרכזיים  
* השתלבות במערך המחקר כחל 0",https://jobs.tasmc.org.il/Positions/redmatch-apply/redmatch.apply.html?compPositionID=197716,10,False,location,2026-08-05T17:58:09
איכילוב,BASELINE,"# 198551 גוש דן 13/7/2026 מלווה רוחני מוסמכ.ת לשיקום הגריאטרי תיאור תפקיד:  

ליווי רוחני פרטני לחולים ובני משפחותיהם 

תמיכה בצוות בהתאם לצרכים 

עבודה בשיתוף פעולה עם הצוות הרב מקצועי במחלקה; צוות רפואי, פסיכולוגי, עו""ס, מקצועות הבריאות ועוד 

השתתפות בישיבות צוות 

הצגת עבודת הליווי הרוחני בישיבות צוות ובפנ",https://jobs.tasmc.org.il/Positions/redmatch-apply/redmatch.apply.html?compPositionID=198551,10,False,location,2026-08-05T17:58:09
איכילוב,BASELINE,"# 198546 גוש דן 12/7/2026 מפתח.ת טכנולוגיות למידה אנחנו מחפשים מפתח.ת למידה בתחילת הדרך המקצועית, עם תשוקה לעולמות הלמידה הדיגיטלית והטכנולוגיה, לצוות הלמידה והפיתוח הארגוני של איכילוב. הזדמנות מצוינת לבוגרי.ות תואר בטכנולוגיות למידה להשתלב בארגון מוביל, לצבור ניסיון מעשי ולהיות חלק מפיתוח פתרונות 0",https://jobs.tasmc.org.il/Positions/redmatch-apply/redmatch.apply.html?compPositionID=198546,95,True,"role, location",2026-08-05T17:58:09
איכילוב,BASELINE,"# 198475 גוש דן 3/7/2026 אח.ות מיילד.ת לחדר לידה המרכז הרפואי תל אביב (איכילוב) מגייס אח.ות מיילד.ת לחדר לידה לתפקיד הכולל:

 

	 מתן טיפול ותמיכה ליולדת ובני משפחתה לפני ובמהלך לידה רגילה ומכשירנית, ניתוח קיסרי והפסקת הריון. 

	 קבלת לידה פיזיולוגית רגילה באופן עצמאי וטיפול ביולדת וביילוד לאחר הלידה.",https://jobs.tasmc.org.il/Positions/redmatch-apply/redmatch.apply.html?compPositionID=198475,10,False,location,2026-08-05T17:58:09
איכילוב,BASELINE,"# 198460 גוש דן 1/7/2026 מנהל.ת איכות אגף המעבדות אגף המעבדות במרכז הרפואי ת""א (איכילוב) מגייס   מנהל.ת איכות 
  במסגרת התפקיד:    

 
	   שותפות בגיבוש והובלת מדיניות האיכות של אגף המעבדות , בהתאם למטרות הארגון, לדרישות הרגולטור ולתקני איכות רלוונטיים, ובכלל זה בניית סקר ההנהלה ותכנית העבודה 0",https://jobs.tasmc.org.il/Positions/redmatch-apply/redmatch.apply.html?compPositionID=198460,10,False,location,2026-08-05T17:58:09
איכילוב,BASELINE,"# 198407 גוש דן 25/6/2026 רכז.ת קדם שכר ונוכחות אגף משאבי אנוש מגייס רכז.ת לטובת ריכוז פעילות תחום קדם שכר ונוכחות   האמון על טיפול כולל בעובדי המרכז הרפואי (איכילוב) מקליטה ועד סיום העסקה זאת בהתאם להסכמי השכר, הסכמים קיבוציים וחוזים אישיים.  

   במסגרת התפקיד:   

 
	  קליטת עובדים חדשים במער 0",https://jobs.tasmc.org.il/Positions/redmatch-apply/redmatch.apply.html?compPositionID=198407,10,False,location,2026-08-05T17:58:09
איכילוב,BASELINE,"# 198324 גוש דן 20/6/2026 אחראי.ת תפעול טכנולוגיות מתקדמות ודרמו-אסתטיקה במערך העור המרכז לטכנולוגיו מתקדמות דרמו-אסתטיקה במערך העור מגייס אחראי.ת תפעול לאחריות כוללת על תפעול המרפאה 

  במסגרת התפקיד:    

 

	      ניהול עובדים -  גיוס והכשרה, תכנון יומני טיפול ושיבוץ צוותים.     

	      מכשור - אחריות על כשירות ציוד לייזר מתקדם, ה",https://jobs.tasmc.org.il/Positions/redmatch-apply/redmatch.apply.html?compPositionID=198324,10,False,location,2026-08-05T17:58:09
איכילוב,BASELINE,"# 198287 גוש דן 17/6/2026 סטודנט.ית לעבודת מיון דגימות במעבדה (משמרות לילה וסופ""ש) למעבדת ביוכימיה קלינית דרוש.ה סטודנט.ית לקבלה ומיון דגימות מתוך המערכת הפנאומטית 

 

  במסגרת התפקיד:  

 

	 קבלה של שלוחיות (טילים) מהמחלקות השונות, פריקתן והחזרתן במערכת הפנאומטית. 

	 מיון הדגימות שהתקבלו והעברתן ליחידת כימיה דחופה /מוקד המעבדות /חדר",https://jobs.tasmc.org.il/Positions/redmatch-apply/redmatch.apply.html?compPositionID=198287,10,False,location,2026-08-05T17:58:09
איכילוב,BASELINE,"# 198281 גוש דן 17/6/2026 מהנדס.ת מכשור רפואי למחלקת הנדסה רפואית המהנדס.ת מכשור רפואי ממלא.ת תפקיד קריטי בהבטחת תפקוד תקין ובטיחותי של מגוון רחב של מכשירים רפואיים. 

התפקיד מחייב היכרות בתחום ההנדסה ובפרט במכשור רפואי, יכולת פתרון בעיות ויכולת עבודה עצמאית וצוותית. 

 

  תיאור התפקיד:   

ביצוע תחזוקה שוטפת ומניעתית",https://jobs.tasmc.org.il/Positions/redmatch-apply/redmatch.apply.html?compPositionID=198281,10,False,location,2026-08-05T17:58:09
איכילוב,BASELINE,"# 198276 גוש דן 16/6/2026 דימותנ.ית רפואי.ת מערך הדימות במרכז הרפואי ת""א (איכילוב) מגייס דימותנים ודימותניות למערך הדימות לעבודה בצוות רב-מקצועי לצורך   השתלבות במגוון תחומי התמחות והתפתחות מקצועית  

   במסגרת  התפקיד     :    

 

	     ביצוע בדיקות דימות בהתאם לנהלי משרד הבריאות והמרכז",https://jobs.tasmc.org.il/Positions/redmatch-apply/redmatch.apply.html?compPositionID=198276,10,False,location,2026-08-05T17:58:09
איכילוב,BASELINE,"# 198273 גוש דן 16/6/2026 מפתח.ת Full Stack מנוסה ב NET / .NET Core / React אגף מערכות מידע מגייס מפתח.ת Full Stack עם ניסיון של 3 שנים, להצטרפות לצוות פיתוח במחלקת הדיגיטל האחראי על פיתוח, תחזוקה ושדרוג של מערכות Web ארגוניות.  

 

  תיאור תפקיד:  

 

	 פיתוח מערכות Web מקצה לקצה  כמפתח  Full Stack עבור מערכות פנים ארגוניות",https://jobs.tasmc.org.il/Positions/redmatch-apply/redmatch.apply.html?compPositionID=198273,95,True,"role, location",2026-08-05T17:58:09
איכילוב,BASELINE,"# 198239 גוש דן 13/6/2026 עובד.ת סוציאלי.ת קליני.ת למחלקה הפסיכיאטרית האשפוזית הפתוחה למשרה של 50% המערך הפסיכיאטרי במרכז הרפואי ת""א (איכילוב) מגייס עובד.ת סוציאלי.ת קליני.ת למחלקה הפסיכיאטרית האשפוזית הפתוחה למשרה של 50% 

  במסגרת התפקיד:      

 

	     התמודדות עם מקרים מורכבים במצב אקוטי, מטופלים המתמודדים עם בעיות נפשיות, גופניות ונויר",https://jobs.tasmc.org.il/Positions/redmatch-apply/redmatch.apply.html?compPositionID=198239,10,False,location,2026-08-05T17:58:09
איכילוב,BASELINE,"# 198238 גוש דן 13/6/2026 אח.ות מוסמכ.ת - כירורגיה פלסטית המחלה לכירורגיה פלסטית מגייסת אחו.ת מוסמכ.ת 

  במסגרת התפקיד:  

 

	 טיפול במטופלים ומטופלות במחלקה לכירורגיה פלסטית 

	 טיפול במטופלים ומטופלות ביחידת כוויות 

	 עבודה בצוות רב מקצועי 

	 מתן מענה איכותי ומקצועי למטופלים ומטופלות ולבני משפחותיהם 

 

  דר",https://jobs.tasmc.org.il/Positions/redmatch-apply/redmatch.apply.html?compPositionID=198238,10,False,location,2026-08-05T17:58:09
איכילוב,BASELINE,"# 198231 גוש דן 11/6/2026 רכז.ת התחשבנות למחלקת הכנסות אחריות על ניהול וטיפול בערעורים כספיים מול קופות החולים, ביצוע בקרות וניתוח נתונים בתחום מרפאות החוץ. 

 

  תיאור תפקיד:  

 

	 טיפול שוטף בערעורים המתקבלים מקופות החולים ומגופים נוספים. 

	 מעקב אחר סטטוס הערעורים וקידום קבלת מענה והכרעות בנושא. 

	 נית",https://jobs.tasmc.org.il/Positions/redmatch-apply/redmatch.apply.html?compPositionID=198231,10,False,location,2026-08-05T17:58:09
איכילוב,BASELINE,"# 198156 גוש דן 4/6/2026 רכז.ת רשומות רפואיות תיאור תפקיד:   

 
	 אחזור מידע רפואי למטופלים.ות ולצד ג' - איתור מידע רפואי ממגוון מערכות, ביצוע בקרת איכות ושלמות הרשומה הרפואית תוך התייחסות להיבטים משפטיים והיבטי ניהול סיכונים הכרוכים בתהליך מסירת המידע למבקש. 
	 מעקב אחר ביצוע הנחיות בהת 0",https://jobs.tasmc.org.il/Positions/redmatch-apply/redmatch.apply.html?compPositionID=198156,10,False,location,2026-08-05T17:58:09
איכילוב,BASELINE,"# 197717 גוש דן 31/5/2026 מתאמ.ת מחקר למחלקת אורולוגיה תאור התפקיד:   



 

	  תפעול שוטף של מחקרים פנימיים וחיצוניים.  

	  קשר עם מטופלים, חוקרים, מרכזים רפואיים וחברות בארץ ובחו""ל, ועבודה מול ועדת הלסינקי.  

	  איסוף ותיעוד נתונים במאגרי מידע ממוחשבים.  

	  טיפול בדגימות ביולוגיות (רקמות / דם / ש 0",https://jobs.tasmc.org.il/Positions/redmatch-apply/redmatch.apply.html?compPositionID=197717,10,False,location,2026-08-05T17:58:09
איכילוב,BASELINE,"# 197961 גוש דן 15/5/2026 עובד.ת מעבדה לאיפיון תאים FACS בהמטולוגיה למעבדה ההמטולוגית, לצוות לאיפיון מחלות המטולוגיות ממאירויותדרוש.ה עובד.ת מעבדה  



    במסגרת התפקיד:    



 

	  השתלבות ועבודה עם צוות המעבדה העוסקת באבחנה של ממאירויות המטולוגיות בדם ובמח עצם.  

	  צביעה של משטחי מח עצם, סריקה ממוחשבת של המשטחים, ש 0",https://jobs.tasmc.org.il/Positions/redmatch-apply/redmatch.apply.html?compPositionID=197961,10,False,location,2026-08-05T17:58:09
איכילוב,BASELINE,"# 197951 גוש דן 14/5/2026 סטודנט.ית לתפקיד מנטר.ת היגיינת ידיים לעבודה במחלקה למניעת זיהומים תיאור תפקיד:   

התפקיד כולל ביצוע תצפיות על תהליך היגיינת ידיים במחלקות ויחידות שונות של בה""ח. 

העבודה מתאימה לסטודנטים ולסטודנטיות. 

נדרשת זמינות לכ-15 שעות שבועיות במשמרות בוקר/ ערב/סופ""ש 

הכשרה מקצועית תינתן במקום. 

 

  היקף משרה:   

ש 2000 לאביז",https://jobs.tasmc.org.il/Positions/redmatch-apply/redmatch.apply.html?compPositionID=197951,10,False,location,2026-08-05T17:58:09
איכילוב,BASELINE,"# 197809 גוש דן 30/4/2026 כלכלן.ית לאגף כלכלה רפואית בתאגיד הבריאות אגף כלכלה רפואית בתאגיד הבריאות מגייס כלכלן.ית בעל.ת יכולות אנליטיות גבוהות ורצון להשפיע על פיתוח שירותי הבריאות של העתיד. התפקיד כולל הובלת תהליכים כלכליים, בניית מודלים עסקיים ותמיכה בעיצוב ויישום פרויקטים אסטרטגיים. 

  תיאור תפקיד:  

 

	 ביצוע נית",https://jobs.tasmc.org.il/Positions/redmatch-apply/redmatch.apply.html?compPositionID=197809,10,False,location,2026-08-05T17:58:09
איכילוב,BASELINE,"# 197726 גוש דן 26/4/2026 מבקר.ת פנים תכולת התפקיד:  

 

	 ביצוע בדיקת תקינותן של פעולות המרכז הרפואי בהיבטי השמירה על החוקים והנהלים, סדרי הניהול התקין, טוהר המידות, חיסכון מועילות ויעילות, תוך ייצוג האינטרס הציבורי בהגנה על שלטון החוק ובמניעת שחיתות. 

	 ביצוע ביקורת, בין היתר על פעילו",https://jobs.tasmc.org.il/Positions/redmatch-apply/redmatch.apply.html?compPositionID=197726,10,False,location,2026-08-05T17:58:09
איכילוב,BASELINE,"# 197522 גוש דן 31/3/2026 טכנאי.ת ראשי.ת במכון לרפואה גרעינית :תיאור תפקיד  

  ניהול צוות והכשרות  

ניהול מקצועי של צוות הטכנאים, כולל חלוקת עבודה, הדרכה, קליטה והכשרה שוטפת, לצד פיתוח מקצועי והובלת הדרכות. 



  תפעול, הדמיה ובקרת איכות  

ביצוע והובלת בדיקות הדמיה, הכנת מטופלים והסבר על התהליך, תוך הבטחת עבוד 6000 לאביז",https://jobs.tasmc.org.il/Positions/redmatch-apply/redmatch.apply.html?compPositionID=197522,10,False,location,2026-08-05T17:58:09
איכילוב,BASELINE,"# 197512 גוש דן 31/3/2026 מנהל.ת מידע הנדסי תיאור תפקיד:   

 
	 ניהול מערכת ניהול המידע ההנדסי של הארגון (ארכיון דיגיטלי רחב ענפי) 
	 תמיכה שוטפת בנושאים הקשורים לחומר הנדסי לגורמי חוץ ופנים 
	 קבלת תוכניות עדות מגורמי חוץ (תנון הנדסה וקבלנים)  וגורמי פנים בסיום הפרויקט (מעקב, בדיקות 0",https://jobs.tasmc.org.il/Positions/redmatch-apply/redmatch.apply.html?compPositionID=197512,10,False,location,2026-08-05T17:58:09
איכילוב,BASELINE,"# 197335 גוש דן 12/3/2026 מתאמ.ת מחקר ביחידה לשעת חירום תיאור תפקיד:  

 תיאום וליווי הפעילות המחקרית. 



 הגשת בקשות לוועדת הלסינקי ומעקב אחר אישורים ועדכונים. 



 תיאום בין כלל הגורמים המעורבים במחקר. 



 סיוע בשמירה על סדר וארגון תיקי המחקר ומסמכי המחקר. 



 פיקוח על איסוף הנתונים והבטחת איכות ושלמות הנתו 2000 לאביז",https://jobs.tasmc.org.il/Positions/redmatch-apply/redmatch.apply.html?compPositionID=197335,10,False,location,2026-08-05T17:58:09
איכילוב,BASELINE,"# 196407 גוש דן 2/2/2026 מזכיר.ה לאגף מרפאות תיאור תפקיד:   

למערך האמבולטורי דרושים.ות מזכירים.ות למגוון מרפאות. התפקיד כולל: 

קבלת קהל, מתן שירות למטופלים.ות, קביעת תורים, הזנת טפסים בתיק הרפואי, קשר עם הצוות הרפואי במרפאה, עבודה מול מערכות שונות. 

 

  דרישות תפקיד:   

ניסיון מזכירותי 

ניסי 3000 לאביז",https://jobs.tasmc.org.il/Positions/redmatch-apply/redmatch.apply.html?compPositionID=196407,10,False,location,2026-08-05T17:58:09
איכילוב,BASELINE,"# 196513 גוש דן 14/1/2026 רופא.ת עיניים למערך לרפואה מונעת תיאור תפקיד:   

לבדיקות הסקר במערך לרפואה מונעת מגיעים נבדקים מבכירי המשק הישראלי לבדיקות תקופתיות. חלק מהבדיקות הן בדיקות עיניים. 

  הרופא.ה בודקים לאחר בדיקת טכנאי.ת (לאחר הרחבת אישונים / לאחר בדיקת מכשיר אידון) ומתמקדים בבדיקות מקטע קדמי, קרקעית",https://jobs.tasmc.org.il/Positions/redmatch-apply/redmatch.apply.html?compPositionID=196513,10,False,location,2026-08-05T17:58:09
איכילוב,BASELINE,"# 196149 גוש דן 24/12/2025 ראש.ת צוות ליחידת המחקר באונקולוגיה תיאור התפקיד       :     

 

	       ניהול ישיר:      הובלה, חניכה וניהול שוטף של צוות מתאמי.ות מחקר, כולל גיוס, הכשרה, משוב ובקרה על עבודתם.      

	       אבטחת איכות (      QA      ):      וידוא עבודה קפדנית לפי נהלי     GCP    , משרד הבריאות, 4000 לאביז",https://jobs.tasmc.org.il/Positions/redmatch-apply/redmatch.apply.html?compPositionID=196149,10,False,location,2026-08-05T17:58:09
איכילוב,BASELINE,"# 193340 גוש דן 16/12/2025 נציג.ת קשרי מטופלים.ות וניהול תורים תיאור תפקיד:   

מענה טלפוני במרכז מידע ותיאום למרפאות החוץ וחלק מהמכונים של ביה""ח.  

ניהול תהליך בירור רפואי ראשוני מול המטופל.ת לטובת התאמה מדויקת של סוג הבדיקה/המרפאה.   

   ביצוע שיחות יזומות בנושא דחיית/שינוי מועד לבדיקה בביה""ח. 4000 לאביז",https://jobs.tasmc.org.il/Positions/redmatch-apply/redmatch.apply.html?compPositionID=193340,10,False,location,2026-08-05T17:58:09
איכילוב,BASELINE,"# 191256 השפלה, שרון, גוש דן 20/11/2025 אח.ות מחקר/מתאמ.ת מחקר לקרדיולוגיה תיאור תפקיד:   

עבודה במחקרים פורצי דרך בתרופות ומכשור רפואי בתחום מחלות לב וצנתורים. 

ניהול שוטף של מחקרים קליניים בכל הפאזות. 

עבודה מול גורמים רבים בארץ ובחו""ל. 

העבודה כוללת גיוס משתתפים, תיאום ביקורים ופרוצדורות, מילוי CRF, איסוף ותיעוד נ 3000 לאביז",https://jobs.tasmc.org.il/Positions/redmatch-apply/redmatch.apply.html?compPositionID=191256,10,False,location,2026-08-05T17:58:09
איכילוב,BASELINE,"# 191771 גוש דן 29/10/2025 מזכיר.ת קשרי חוץ - 50% משרה תיאור תפקיד:   

תאומי פגישות, מענה טלפוני ופרונטלי לפניות מתוך ומחוץ לארגון. 

ביצוע משימות אדמיניסטרטיביות מגוונות. 

קבלה וליווי של גורמים מחוץ לארגון עפ""י הצורך. 

ומשימות נוספות שיידרשו במסגרת תחום אחריות האגף. 

 

  דרישות:   

2 שנות ניסיון מ 4000 לאביז",https://jobs.tasmc.org.il/Positions/redmatch-apply/redmatch.apply.html?compPositionID=191771,10,False,location,2026-08-05T17:58:09
איכילוב,BASELINE,"# 192430 גוש דן 6/10/2025 פרמדיק.ית לתא לחץ לתא הלחץ של המרכז הרפואי, דרושים.ות פרמדיקים.ות לתפקיד מעניין ומאתגר הכרוך בליווי מטופלים.ות בתהליך הטיפול.

 

	 עבודה מאתגרת בתנאים נוחים 

	 תנאי שכר אטרקטיביים 

 

תינתן הכשרה ייחודית למתאימים.ות 

 

לפרטים נוספים ניתן לפנות לסיגלית דיין 

טל׳: 03-6973",https://jobs.tasmc.org.il/Positions/redmatch-apply/redmatch.apply.html?compPositionID=192430,10,False,location,2026-08-05T17:58:09
איכילוב,BASELINE,"# 182302 גוש דן 10/8/2025 טבח.ית למערך המזון הכירו את מערך המזון שלנו- לחצו כאן 
 
תיאור תפקיד:  
למערך המזון של המרכז הרפואי ת""א (איכילוב) דרוש.ה טבח.ית 
התפקיד כולל הכנת ארוחות מגוונות עבור מטופלים.ות, מבקרים וצוותים רפואיים, תוך הקפדה על סטנדרטים גבוהים של בטיחות תברואתית ואיכות המזון 0",https://jobs.tasmc.org.il/Positions/redmatch-apply/redmatch.apply.html?compPositionID=182302,10,False,location,2026-08-05T17:58:09
איכילוב,BASELINE,"# 184123 גוש דן 5/1/2025 מסייע.ת לחדר ניתוח למרכז הרפואי ת""א (איכילוב) דרוש/ה מסייע/ת לחדר ניתוח. 

- אפשרות לעבודה במשמרות 

- ידע טוב בשפה העברית 

- ניסיון קודם- יתרון 

- גישה שרותית למטופלים ולמשפחותיהם 

 

למתאימים/ות תיפתח תכנית הכשרה ייחודית בהובלת הנהלת הסיעוד ובסימולציית תרגול. 

 

 ל",https://jobs.tasmc.org.il/Positions/redmatch-apply/redmatch.apply.html?compPositionID=184123,10,False,location,2026-08-05T17:58:09
איכילוב,BASELINE,"# 180224 גוש דן 13/8/2024 מזכיר.ה למגוון מחלקות תיאור התפקיד  



 

	 ריכוז עבודת המזכירות והפקידות במחלקה. 

	 ניתוב תקשורת חוץ ופנים מחלקתית ואחריות על ניהול משרדי. 

	 חלק בלתי נפרד מצוות האֲחָיוּת וכפיפות לאח.ות אחראי.ת. 

	 מתן שירות ומענה למטופלים.ות ומשפחות על פי עקרונות השירות של המרכז הר",https://jobs.tasmc.org.il/Positions/redmatch-apply/redmatch.apply.html?compPositionID=180224,10,False,location,2026-08-05T17:58:09
איכילוב,BASELINE,"# 174593 גוש דן 30/1/2024 כוח עזר למגוון מחלקות תיאור התפקיד      

   כוחות העזר מהווים חלק מהצוות הסיעודי וכפופים לאח.ות אחראי.ת במחלקה.    

   עבודת כוח העזר מתבצעת בהתאם להוראות, הנחיות ופיקוח של האח.ות האחראי.ת.    

   כוח העזר נותנ.ת מענה לצרכים הבסיסיים של המטופלים.ות במצבי בריאות שאינם",https://jobs.tasmc.org.il/Positions/redmatch-apply/redmatch.apply.html?compPositionID=174593,10,False,location,2026-08-05T17:58:09
איכילוב,BASELINE,נגיש לי,http://www.nagish.li,0,False,,2026-08-05T17:58:09
איכילוב,BASELINE,לוקלייז ✱,http://www.localize.co.il,0,False,,2026-08-05T17:58:09
מדיקל סנטר הרצליה,BASELINE,אזור אישי למטופל,https://md-booking.hmc.co.il/patient-app/login,0,False,,2026-08-05T17:58:15
מדיקל סנטר הרצליה,BASELINE,רופאים בלבד,https://doc-mdbooking.hmc.co.il/,0,False,,2026-08-05T17:58:15
מדיקל סנטר הרצליה,BASELINE,מידע למטופלים,https://hmc.co.il/%d7%9e%d7%99%d7%93%d7%a2/,0,False,,2026-08-05T17:58:15
מדיקל סנטר הרצליה,BASELINE,רופאים ומומחים,https://hmc.co.il/%D7%A8%D7%95%D7%A4%D7%90%D7%99%D7%9D-%D7%95%D7%9E%D7%95%D7%9E%D7%97%D7%99%D7%9D-%D7%91%D7%99%D7%94%D7%97-%D7%94%D7%A8%D7%A6%D7%9C%D7%99%D7%94-%D7%9E%D7%93%D7%99%D7%A7%D7%9C-%D7%A1%D7%A0%D7%98%D7%A8/,0,False,,2026-08-05T17:58:15
מדיקל סנטר הרצליה,BASELINE,מרכזים ושירותים,https://hmc.co.il/%d7%9e%d7%a8%d7%9b%d7%96%d7%99%d7%9d-%d7%95%d7%9e%d7%a2%d7%91%d7%93%d7%95%d7%aa/,10,False,location,2026-08-05T17:58:15
מדיקל סנטר הרצליה,BASELINE,יחידת הצנתורים,https://hmc.co.il/unit/%D7%99%D7%97%D7%99%D7%93%D7%AA-%D7%94%D7%A6%D7%A0%D7%AA%D7%95%D7%A8%D7%99%D7%9D/,0,False,,2026-08-05T17:58:15
מדיקל סנטר הרצליה,BASELINE,שירותי מדיקל NOW,https://hmc.co.il/%d7%a9%d7%99%d7%a8%d7%95%d7%aa%d7%99-%d7%9e%d7%93%d7%99%d7%a7%d7%9c-now/,0,False,,2026-08-05T17:58:15
מדיקל סנטר הרצליה,BASELINE,מכון מי שפיר,https://hmc.co.il/unit/%D7%94%D7%9E%D7%9B%D7%95%D7%9F-%D7%9C%D7%91%D7%93%D7%99%D7%A7%D7%AA-%D7%9E%D7%99-%D7%A9%D7%A4%D7%99%D7%A8/,0,False,,2026-08-05T17:58:15
מדיקל סנטר הרצליה,BASELINE,טיפולי פוריות,https://hmc.co.il/%d7%98%d7%99%d7%a4%d7%95%d7%9c%d7%99-%d7%a4%d7%95%d7%a8%d7%99%d7%95%d7%aa/,0,False,,2026-08-05T17:58:15
מדיקל סנטר הרצליה,BASELINE,"מכון הדימות – בדיקות רנטגן, אולטרסאונד, סיטי ו MRI",https://hmc.co.il/%D7%9E%D7%A8%D7%9B%D7%96%D7%99%D7%9D-%D7%95%D7%9E%D7%A2%D7%91%D7%93%D7%95%D7%AA/%D7%9E%D7%9B%D7%95%D7%9F-%D7%94%D7%93%D7%99%D7%9E%D7%95%D7%AA/,0,False,,2026-08-05T17:58:15
מדיקל סנטר הרצליה,BASELINE,מכון MRI,https://hmc.co.il/%D7%9E%D7%9B%D7%95%D7%9F-mri/,0,False,,2026-08-05T17:58:15
מדיקל סנטר הרצליה,BASELINE,מכון גסטרו,https://hmc.co.il/unit/%D7%9E%D7%9B%D7%95%D7%9F-%D7%94%D7%92%D7%A1%D7%98%D7%A8%D7%95%D7%90%D7%A0%D7%98%D7%A8%D7%95%D7%9C%D7%95%D7%92%D7%99%D7%94/,0,False,,2026-08-05T17:58:15
מדיקל סנטר הרצליה,BASELINE,מרפאת כאב,https://hmc.co.il/%D7%9E%D7%A8%D7%A4%D7%90%D7%AA-%D7%9B%D7%90%D7%91/,0,False,,2026-08-05T17:58:15
מדיקל סנטר הרצליה,BASELINE,מוקד אורתופדי מהיר,https://hmc.co.il/%D7%9E%D7%95%D7%A7%D7%93-%D7%90%D7%95%D7%A8%D7%AA%D7%95%D7%A4%D7%93%D7%99-%D7%9E%D7%94%D7%99%D7%A8/,0,False,,2026-08-05T17:58:15
מדיקל סנטר הרצליה,BASELINE,המרכז לניתוחי גב ועמוד שדרה,https://hmc.co.il/%D7%94%D7%9E%D7%A8%D7%9B%D7%96-%D7%9C%D7%A0%D7%99%D7%AA%D7%95%D7%97%D7%99-%D7%92%D7%91-%D7%95%D7%A2%D7%9E%D7%95%D7%93-%D7%A9%D7%93%D7%A8%D7%94/,10,False,location,2026-08-05T17:58:15
מדיקל סנטר הרצליה,BASELINE,מרכז השד,https://hmc.co.il/%D7%94%D7%9E%D7%9B%D7%95%D7%9F-%D7%9C%D7%93%D7%99%D7%9E%D7%95%D7%AA-%D7%94%D7%A9%D7%93/,10,False,location,2026-08-05T17:58:15
מדיקל סנטר הרצליה,BASELINE,המרכז לניתוחי החלפות מפרקים,https://hmc.co.il/%D7%94%D7%9E%D7%A8%D7%9B%D7%96-%D7%9C%D7%A0%D7%99%D7%AA%D7%95%D7%97%D7%99-%D7%94%D7%97%D7%9C%D7%A4%D7%95%D7%AA-%D7%9E%D7%A4%D7%A8%D7%A7%D7%99%D7%9D/,10,False,location,2026-08-05T17:58:15
מדיקל סנטר הרצליה,BASELINE,מרכז הלב,https://hmc.co.il/%d7%9e%d7%a8%d7%9b%d7%96-%d7%94%d7%9c%d7%91/,10,False,location,2026-08-05T17:58:15
מדיקל סנטר הרצליה,BASELINE,המרכז לטיפול במחלות ההשמנה,https://hmc.co.il/unit/%D7%94%D7%9E%D7%A8%D7%9B%D7%96-%D7%9C%D7%98%D7%99%D7%A4%D7%95%D7%9C-%D7%91%D7%9E%D7%97%D7%9C%D7%95%D7%AA-%D7%94%D7%94%D7%A9%D7%9E%D7%A0%D7%94/,10,False,location,2026-08-05T17:58:15
מדיקל סנטר הרצליה,BASELINE,המרכז לטיפול בערמונית,https://hmc.co.il/%d7%94%d7%9e%d7%a8%d7%9b%d7%96-%d7%9c%d7%98%d7%99%d7%a4%d7%95%d7%9c-%d7%91%d7%a2%d7%a8%d7%9e%d7%95%d7%a0%d7%99%d7%aa/,10,False,location,2026-08-05T17:58:15
מדיקל סנטר הרצליה,BASELINE,המרכז לכירורגיה רובוטית,https://hmc.co.il/%d7%94%d7%9e%d7%a8%d7%9b%d7%96-%d7%9c%d7%9b%d7%99%d7%a8%d7%95%d7%a8%d7%92%d7%99%d7%94-%d7%a8%d7%95%d7%91%d7%95%d7%98%d7%99%d7%aa/,10,False,location,2026-08-05T17:58:15
מדיקל סנטר הרצליה,BASELINE,מרכז המוז MOHS,https://hmc.co.il/%d7%9e%d7%a8%d7%9b%d7%96-%d7%94%d7%9e%d7%95%d7%96-mohs/,10,False,location,2026-08-05T17:58:15
מדיקל סנטר הרצליה,BASELINE,מרפאת טרום ניתוח,https://hmc.co.il/%d7%9e%d7%99%d7%93%d7%a2/%d7%98%d7%a8%d7%95%d7%9d-%d7%a0%d7%99%d7%aa%d7%95%d7%97-%d7%9e%d7%a1%d7%9e%d7%9b%d7%99%d7%9d-%d7%a0%d7%93%d7%a8%d7%a9%d7%99%d7%9d/,0,False,,2026-08-05T17:58:15
מדיקל סנטר הרצליה,BASELINE,מכון EMG,https://hmc.co.il/%d7%9e%d7%9b%d7%95%d7%9f-emg/,0,False,,2026-08-05T17:58:15
מדיקל סנטר הרצליה,BASELINE,בנק הזרע ותרומת ביצית B-MOM,https://bmom.co.il/,0,False,,2026-08-05T17:58:15
מדיקל סנטר הרצליה,BASELINE,קריירה במדיקל,https://hmc.co.il/%D7%93%D7%A8%D7%95%D7%A9%D7%99%D7%9D/,0,False,,2026-08-05T17:58:15
מדיקל סנטר הרצליה,BASELINE,אף אוזן גרון,https://hmc.co.il/practice/%D7%90%D7%A3-%D7%90%D7%95%D7%96%D7%9F-%D7%92%D7%A8%D7%95%D7%9F/,0,False,,2026-08-05T17:58:15
מדיקל סנטר הרצליה,BASELINE,גב ועמוד שדרה,https://hmc.co.il/specialty/%d7%92%d7%91-%d7%95%d7%a2%d7%9e%d7%95%d7%93-%d7%a9%d7%93%d7%a8%d7%94/,0,False,,2026-08-05T17:58:15
מדיקל סנטר הרצליה,BASELINE,הפריה חוץ גופית,https://hmc.co.il/specialty/%D7%94%D7%A4%D7%A8%D7%99%D7%94-%D7%97%D7%95%D7%A5-%D7%92%D7%95%D7%A4%D7%99%D7%AA/,0,False,,2026-08-05T17:58:15
מדיקל סנטר הרצליה,BASELINE,הפרעות קצב לב,https://hmc.co.il/specialty/%D7%94%D7%A4%D7%A8%D7%A2%D7%95%D7%AA-%D7%A7%D7%A6%D7%91/,0,False,,2026-08-05T17:58:15
מדיקל סנטר הרצליה,BASELINE,כירורגיה כללית,https://hmc.co.il/practice/%d7%9b%d7%99%d7%a8%d7%95%d7%a8%d7%92%d7%99%d7%94-%d7%9b%d7%9c%d7%9c%d7%99%d7%aa/,0,False,,2026-08-05T17:58:15
מדיקל סנטר הרצליה,BASELINE,כירורגיה פלסטית,https://hmc.co.il/practice/%d7%9b%d7%99%d7%a8%d7%95%d7%a8%d7%92%d7%99%d7%94-%d7%a4%d7%9c%d7%a1%d7%98%d7%99%d7%aa/,0,False,,2026-08-05T17:58:15
מדיקל סנטר הרצליה,BASELINE,כירורגיית חזה ולב,https://hmc.co.il/practice/%D7%9B%D7%99%D7%A8%D7%95%D7%A8%D7%92%D7%99%D7%99%D7%AA-%D7%97%D7%96%D7%94-%D7%95%D7%9C%D7%91/,0,False,,2026-08-05T17:58:15
מדיקל סנטר הרצליה,BASELINE,כירורגיית כלי דם,https://hmc.co.il/practice/%d7%9b%d7%99%d7%a8%d7%95%d7%a8%d7%92%d7%99%d7%99%d7%aa-%d7%9b%d7%9c%d7%99-%d7%93%d7%9d/,0,False,,2026-08-05T17:58:15
מדיקל סנטר הרצליה,BASELINE,עור ומין (דרמטולוגיה),https://hmc.co.il/practice/%d7%a2%d7%95%d7%a8-%d7%95%d7%9e%d7%99%d7%9f/,0,False,,2026-08-05T17:58:15
מדיקל סנטר הרצליה,BASELINE,פה ולסת,https://hmc.co.il/practice/%d7%a4%d7%94-%d7%95%d7%9c%d7%a1%d7%aa/,0,False,,2026-08-05T17:58:15
מדיקל סנטר הרצליה,BASELINE,רפואת כאב,https://hmc.co.il/specialty/%D7%A8%D7%A4%D7%95%D7%90%D7%AA-%D7%9B%D7%90%D7%91/,0,False,,2026-08-05T17:58:15
מדיקל סנטר הרצליה,BASELINE,הצוות הניהולי,https://hmc.co.il/%D7%94%D7%A6%D7%95%D7%95%D7%AA-%D7%94%D7%A0%D7%99%D7%94%D7%95%D7%9C%D7%99/,0,False,,2026-08-05T17:58:15
מדיקל סנטר הרצליה,BASELINE,מערך האֲחָיוּת,https://hmc.co.il/%D7%9E%D7%A2%D7%A8%D7%9A-%D7%94%D7%90%D7%97%D7%99%D7%95%D7%AA-%D7%91%D7%94%D7%A8%D7%A6%D7%9C%D7%99%D7%94-%D7%9E%D7%93%D7%99%D7%A7%D7%9C-%D7%A1%D7%A0%D7%98%D7%A8/,0,False,,2026-08-05T17:58:15
מדיקל סנטר הרצליה,BASELINE,סינוף אקדמי והכשרות מקצועיות,https://hmc.co.il/%D7%9E%D7%9B%D7%A9%D7%99%D7%A8%D7%99%D7%9D-%D7%90%D7%AA-%D7%94%D7%93%D7%95%D7%A8-%D7%94%D7%91%D7%90-%D7%A9%D7%9C-%D7%94%D7%A8%D7%95%D7%A4%D7%90%D7%99%D7%9D-%D7%95%D7%94%D7%90%D7%97%D7%99%D7%95%D7%AA/,0,False,,2026-08-05T17:58:15
מדיקל סנטר הרצליה,BASELINE,מדדי איכות,https://hmc.co.il/%D7%9E%D7%93%D7%93%D7%99%D7%9D/,0,False,,2026-08-05T17:58:15
מדיקל סנטר הרצליה,BASELINE,מדיקל B2B,https://hmc.co.il/minisite/%D7%A4%D7%AA%D7%A8%D7%95%D7%A0%D7%95%D7%AA-%D7%91%D7%A8%D7%99%D7%90%D7%95%D7%AA-%D7%9E%D7%AA%D7%A7%D7%93%D7%9E%D7%99%D7%9D-%D7%9C%D7%90%D7%A8%D7%92%D7%95%D7%A0%D7%99%D7%9D-%D7%95%D7%97%D7%91%D7%A8%D7%95%D7%AA/,0,False,,2026-08-05T17:58:15
מדיקל סנטר הרצליה,BASELINE,מנתחים את זה - הפודקאסט,https://hmc.co.il/%D7%A4%D7%95%D7%93%D7%A7%D7%A1%D7%98-%D7%94%D7%A8%D7%A6%D7%9C%D7%99%D7%94-%D7%9E%D7%93%D7%99%D7%A7%D7%9C-%D7%A1%D7%A0%D7%98%D7%A8/,0,False,,2026-08-05T17:58:15
מדיקל סנטר הרצליה,BASELINE,מדיקל בלוג,https://hmc.co.il/blog/,0,False,,2026-08-05T17:58:15
מדיקל סנטר הרצליה,BASELINE,מגזין רפואי,https://hmc.co.il/magazine/,0,False,,2026-08-05T17:58:15
מדיקל סנטר הרצליה,BASELINE,להיות חלק מכללית,https://hmc.co.il/%D7%9C%D7%94%D7%99%D7%95%D7%AA-%D7%97%D7%9C%D7%A7-%D7%9E%D7%9B%D7%9C%D7%9C%D7%99%D7%AA/,0,False,,2026-08-05T17:58:15
מדיקל סנטר הרצליה,BASELINE,היחידה למחקרים קליניים,https://hmc.co.il/%d7%94%d7%99%d7%97%d7%99%d7%93%d7%94-%d7%9c%d7%9e%d7%97%d7%a7%d7%a8%d7%99%d7%9d-%d7%a7%d7%9c%d7%99%d7%a0%d7%99%d7%99%d7%9d/,0,False,,2026-08-05T17:58:15
מדיקל סנטר הרצליה,BASELINE,The International Department,https://hmc.co.il/the-international-department/,0,False,,2026-08-05T17:58:15
מדיקל סנטר הרצליה,BASELINE,צרו קשר,https://hmc.co.il/%d7%a6%d7%a8%d7%95-%d7%90%d7%99%d7%aa%d7%a0%d7%95-%d7%a7%d7%a9%d7%a8/,0,False,,2026-08-05T17:58:15
מדיקל סנטר הרצליה,BASELINE,זימון תור,https://hmc.co.il/%D7%96%D7%99%D7%9E%D7%95%D7%9F-%D7%AA%D7%95%D7%A8/,0,False,,2026-08-05T17:58:15
מדיקל סנטר הרצליה,BASELINE,זימון תור,https://hmc.co.il/%D7%93%D7%A8%D7%95%D7%A9%D7%99%D7%9D/%D7%9B%D7%9C-%D7%94%D7%9E%D7%A9%D7%A8%D7%95%D7%AA-%D7%94%D7%A4%D7%AA%D7%95%D7%97%D7%95%D7%AA/,0,False,,2026-08-05T17:58:15
מדיקל סנטר הרצליה,BASELINE,מקצועות נוספים דרוש/ה רכז/ת לוגיסטיקה לעבודה עם עשייה מדויקת ומאורגנת בצוות דינמי לפרטים והגשת מועמדות,https://hmc.co.il/%D7%93%D7%A8%D7%95%D7%A9%D7%99%D7%9D/%D7%9E%D7%A7%D7%A6%D7%95%D7%A2%D7%95%D7%AA-%D7%A0%D7%95%D7%A1%D7%A4%D7%99%D7%9D/%D7%93%D7%A8%D7%95%D7%A9-%D7%94-%D7%A8%D7%9B%D7%96-%D7%AA-%D7%9C%D7%95%D7%92%D7%99%D7%A1%D7%98%D7%99%D7%A7%D7%94/,0,False,,2026-08-05T17:58:15
מדיקל סנטר הרצליה,BASELINE,"מִנהל האֲחָיוּת דרוש/ה דיאטנ/ית קליני/ת לעבודה בסביבה דינמית, מקצועית וחדשנית לפרטים והגשת מועמדות",https://hmc.co.il/%D7%93%D7%A8%D7%95%D7%A9%D7%99%D7%9D/%D7%9E%D7%A0%D7%94%D7%9C-%D7%90%D7%97%D7%99%D7%95%D7%AA/%D7%93%D7%A8%D7%95%D7%A9-%D7%94-%D7%93%D7%99%D7%90%D7%98%D7%A0-%D7%99%D7%AA-%D7%A7%D7%9C%D7%99%D7%A0%D7%99-%D7%AA/,0,False,,2026-08-05T17:58:15
מדיקל סנטר הרצליה,BASELINE,"מִנהל האֲחָיוּת דרוש/ה אח/ות למחלקת טרום ניתוח וקבלה סיעודית לעבודה בסביבה חדשנית, מקצועית ודינמית לפרטים והגשת מועמדות",https://hmc.co.il/%D7%93%D7%A8%D7%95%D7%A9%D7%99%D7%9D/%D7%9E%D7%A0%D7%94%D7%9C-%D7%90%D7%97%D7%99%D7%95%D7%AA/%D7%93%D7%A8%D7%95%D7%A9-%D7%94-%D7%90%D7%97-%D7%95%D7%AA-%D7%9C%D7%9E%D7%97%D7%9C%D7%A7%D7%AA-%D7%98%D7%A8%D7%95%D7%9D-%D7%A0%D7%99%D7%AA%D7%95%D7%97-%D7%95%D7%A7%D7%91%D7%9C%D7%94-%D7%A1%D7%99%D7%A2/,0,False,,2026-08-05T17:58:15
מדיקל סנטר הרצליה,BASELINE,"אדמיניסטרציה מזכיר/ה למעבדת פתולוגיה אם תחום הפתולוגיה קורץ לכם ואתם מחפשים מקום מסודר, יציב ומוביל ברפואה הפרטית בישראל – מקומכם איתנו! לפרטים והגשת מועמדות",https://hmc.co.il/%D7%93%D7%A8%D7%95%D7%A9%D7%99%D7%9D/%D7%90%D7%93%D7%9E%D7%99%D7%A0%D7%99%D7%A1%D7%98%D7%A8%D7%A6%D7%99%D7%94/%D7%9E%D7%96%D7%9B%D7%99%D7%A8%D7%94-%D7%9C%D7%9E%D7%A2%D7%91%D7%93%D7%AA-%D7%A4%D7%AA%D7%95%D7%9C%D7%95%D7%92%D7%99%D7%94/,10,False,location,2026-08-05T17:58:15
מדיקל סנטר הרצליה,BASELINE,"מקצועות נוספים דרוש/ה נציג/ת שירות במוקד זימון תורים מוקד בוטיק עם צוות משפחתי ומקצועי מדבר אליכם? 
בואו אלינו ותהנו מתפקיד דינמי, מעניין ושירותי כאחד! לפרטים והגשת מועמדות",https://hmc.co.il/%D7%93%D7%A8%D7%95%D7%A9%D7%99%D7%9D/%D7%90%D7%93%D7%9E%D7%99%D7%A0%D7%99%D7%A1%D7%98%D7%A8%D7%A6%D7%99%D7%94/%D7%93%D7%A8%D7%95%D7%A9-%D7%94-%D7%A0%D7%A6%D7%99%D7%92-%D7%AA-%D7%A9%D7%99%D7%A8%D7%95%D7%AA-%D7%91%D7%9E%D7%95%D7%A7%D7%93-%D7%96%D7%99%D7%9E%D7%95%D7%9F-%D7%AA%D7%95%D7%A8%D7%99%D7%9D/,0,False,,2026-08-05T17:58:15
מדיקל סנטר הרצליה,BASELINE,"אדמיניסטרציה דרוש/ה מזכיר/ת מרפאת מומחים לעבודה בסביבה מודרנית, טכנולוגית ומשפחתית לפרטים והגשת מועמדות",https://hmc.co.il/%D7%93%D7%A8%D7%95%D7%A9%D7%99%D7%9D/%D7%90%D7%93%D7%9E%D7%99%D7%A0%D7%99%D7%A1%D7%98%D7%A8%D7%A6%D7%99%D7%94/%D7%93%D7%A8%D7%95%D7%A9-%D7%94-%D7%9E%D7%96%D7%9B%D7%99%D7%A8-%D7%AA-%D7%9E%D7%A8%D7%A4%D7%90%D7%AA-%D7%9E%D7%95%D7%9E%D7%97%D7%99%D7%9D/,0,False,,2026-08-05T17:58:15
מדיקל סנטר הרצליה,BASELINE,"אדמיניסטרציה דרוש/ה מזכיר/ה למחלקות אשפוז לעבודה דינמית, מעניינת בסביבה משפחתית לפרטים והגשת מועמדות",https://hmc.co.il/%D7%93%D7%A8%D7%95%D7%A9%D7%99%D7%9D/%D7%90%D7%93%D7%9E%D7%99%D7%A0%D7%99%D7%A1%D7%98%D7%A8%D7%A6%D7%99%D7%94/%D7%93%D7%A8%D7%95%D7%A9-%D7%94-%D7%9E%D7%96%D7%9B%D7%99%D7%A8-%D7%94-%D7%A8%D7%A4%D7%95%D7%90%D7%99-%D7%AA-%D7%9C%D7%9E%D7%97%D7%9C%D7%A7%D7%95%D7%AA-%D7%90%D7%A9%D7%A4%D7%95%D7%96/,0,False,,2026-08-05T17:58:15
מדיקל סנטר הרצליה,BASELINE,תקנון תנאי השימוש,https://hmc.co.il/%D7%AA%D7%A0%D7%90%D7%99-%D7%A9%D7%99%D7%9E%D7%95%D7%A9-%D7%95%D7%9E%D7%93%D7%99%D7%A0%D7%99%D7%95%D7%AA-%D7%A4%D7%A8%D7%98%D7%99%D7%95%D7%AA/,0,False,,2026-08-05T17:58:15
מדיקל סנטר הרצליה,BASELINE,זימון תור,https://hmc.co.il/%d7%96%d7%99%d7%9e%d7%95%d7%9f-%d7%aa%d7%95%d7%a8/,0,False,,2026-08-05T17:58:15
מדיקל סנטר הרצליה,BASELINE,דרכי הגעה,https://hmc.co.il/%D7%9E%D7%99%D7%93%D7%A2/%D7%93%D7%A8%D7%9B%D7%99-%D7%94%D7%92%D7%A2%D7%94/,0,False,,2026-08-05T17:58:15
מדיקל סנטר הרצליה,BASELINE,טיפול נמרץ,https://hmc.co.il/practice/%d7%98%d7%99%d7%a4%d7%95%d7%9c-%d7%a0%d7%9e%d7%a8%d7%a5/,0,False,,2026-08-05T17:58:15
מדיקל סנטר הרצליה,BASELINE,אזור אישי לרופא,https://md-booking.hmc.co.il/doctor-portal,0,False,,2026-08-05T17:58:15
מדיקל סנטר הרצליה,BASELINE,השכרת מרפאות במרכז המומחים,https://hmc.co.il/%D7%94%D7%A9%D7%9B%D7%A8%D7%AA-%D7%A7%D7%9C%D7%99%D7%A0%D7%99%D7%A7%D7%94-%D7%91%D7%9E%D7%A8%D7%9B%D7%96-%D7%94%D7%9E%D7%95%D7%9E%D7%97%D7%99%D7%9D/,10,False,location,2026-08-05T17:58:15
מדיקל סנטר הרצליה,BASELINE,"מרכז מומחים החושלים 6, הרצליה","https://www.google.com/maps/place/Hahoshlim+St+6,+Hertsliya/@32.1590069,34.8039931,17z/data=!3m1!4b1!4m6!3m5!1s0x151d48edf30decdb:0xebb6a85a242e7837!8m2!3d32.1590024!4d34.8065734!16s%2Fg%2F11c2dw416j?entry=ttu&g_ep=EgoyMDI1MDcyMC4wIKXMDSoASAFQAw%3D%3D",10,False,location,2026-08-05T17:58:15
מדיקל סנטר הרצליה,BASELINE,"מרכז מומחים החושלים 8, הרצליה","https://www.google.com/maps/place/Sea+View,+Hahoshlim+St+8,+Hertsliya/@32.1591993,34.8036388,17z/data=!3m1!4b1!4m6!3m5!1s0x151d48edeca35e31:0x3fb91a97255705ce!8m2!3d32.1591948!4d34.8062191!16s%2Fg%2F11sqtysf98?entry=ttu&g_ep=EgoyMDI1MDcyMC4wIKXMDSoASAFQAw%3D%3D",10,False,location,2026-08-05T17:58:15
מדיקל סנטר הרצליה,BASELINE,"מרכז מומחים מדינת היהודים 89, הרצליה","https://www.google.com/maps/place/Medinat+ha-Yehudim+St+89,+Hertsliya/@32.1663912,34.8082569,17z/data=!3m1!4b1!4m6!3m5!1s0x151d488c27aa103d:0x864f1ddf990b04e2!8m2!3d32.1663867!4d34.8108372!16s%2Fg%2F11pvcvdtyy?entry=ttu&g_ep=EgoyMDI1MDcyMC4wIKXMDSoASAFQAw%3D%3D",10,False,location,2026-08-05T17:58:15
מדיקל סנטר הרצליה,BASELINE,ותנאי השימוש,https://policies.google.com/terms,0,False,,2026-08-05T17:58:15
מדיקל סנטר הרצליה,BASELINE,עיצוב ופיתוח HYBRID,https://hybrid.co.il/,0,False,,2026-08-05T17:58:15
מדיקל סנטר הרצליה,BASELINE,תור למרכז/מכון,https://hmc.co.il/זימון-תור?institute,10,False,location,2026-08-05T17:58:15
מדיקל סנטר הרצליה,BASELINE,תור אקספרס ייעוץ רופאים מומחים במסלול מהיר,https://hmc.co.il/זימון-תור-אקספרס/,0,False,,2026-08-05T17:58:15
מדיקל סנטר הרצליה,BASELINE,תור רגיל ייעוץ רופאים מומחים במגוון תחומים,https://hmc.co.il/זימון-תור,0,False,,2026-08-05T17:58:15
רשות שדות התעופה,BASELINE,בן גוריון,https://www.iaa.gov.il/,0,False,,2026-08-05T17:58:19
רשות שדות התעופה,BASELINE,חברות תעופה,https://www.iaa.gov.il/airports/ben-gurion/airline-companies/,0,False,,2026-08-05T17:58:19
רשות שדות התעופה,BASELINE,אכיפה ורגולציה,https://www.iaa.gov.il/airports/regulation/,0,False,,2026-08-05T17:58:19
רשות שדות התעופה,BASELINE,"דו""חות חניה",https://www.iaa.gov.il/airports/ben-gurion/payment-of-parking-reports/,0,False,,2026-08-05T17:58:19
רשות שדות התעופה,BASELINE,דרושים,https://www.iaa.gov.il/airports/jobs/,0,False,,2026-08-05T17:58:19
רשות שדות התעופה,BASELINE,אבדות ומציאות,https://www.iaa.gov.il/airports/ben-gurion/lost-found/,0,False,,2026-08-05T17:58:19
רשות שדות התעופה,BASELINE,מידע שימושי,https://www.iaa.gov.il/airports/ben-gurion/terminal3sevices/,0,False,,2026-08-05T17:58:19
רשות שדות התעופה,BASELINE,הנחיות ביטחון,https://www.iaa.gov.il/airports/ben-gurion/securitybgn/,0,False,,2026-08-05T17:58:19
רשות שדות התעופה,BASELINE,הנחיות לטסים בטיסות פנים ארציות,https://www.iaa.gov.il/airports/ben-gurion/security-guidelines/,0,False,,2026-08-05T17:58:19
רשות שדות התעופה,BASELINE,מידע שימושי,https://www.iaa.gov.il/airports/ben-gurion/terminal1sevices/,0,False,,2026-08-05T17:58:19
רשות שדות התעופה,BASELINE,חניונים ודרכי הגעה,https://www.iaa.gov.il/airports/ben-gurion/directions/directions-list/,0,False,,2026-08-05T17:58:19
רשות שדות התעופה,BASELINE,רכב פרטי,https://www.iaa.gov.il/airports/ben-gurion/directions/private-vehicle/,0,False,,2026-08-05T17:58:19
רשות שדות התעופה,BASELINE,שירות הסעה פנימי,https://www.iaa.gov.il/airports/ben-gurion/directions/airport-shuttle/,0,False,,2026-08-05T17:58:19
רשות שדות התעופה,BASELINE,הסעדה ומסחר,https://www.iaa.gov.il/airports/ben-gurion/businesses/businesses-collection/,0,False,,2026-08-05T17:58:19
רשות שדות התעופה,BASELINE,ג'יימס ריצ'רדסון- אלכוהול וממתקים,https://www.iaa.gov.il/airports/ben-gurion/businesses/duty-free/,0,False,,2026-08-05T17:58:19
רשות שדות התעופה,BASELINE,פארם וקוסמטיקה,https://www.iaa.gov.il/airports/ben-gurion/businesses/pharmacy-and-cosmetics/?categoryId=4949,0,False,,2026-08-05T17:58:19
רשות שדות התעופה,BASELINE,מסעדות ובתי קפה,https://www.iaa.gov.il/airports/ben-gurion/businesses/restaurants-and-coffee-shops/?categoryId=4952,0,False,,2026-08-05T17:58:19
רשות שדות התעופה,BASELINE,פרחים וספרים,https://www.iaa.gov.il/airports/ben-gurion/businesses/flowers-and-books/?categoryId=4955,0,False,,2026-08-05T17:58:19
רשות שדות התעופה,BASELINE,הלבשה ואביזרי אופנה,https://www.iaa.gov.il/airports/ben-gurion/businesses/fashion-and-accessories/,0,False,,2026-08-05T17:58:19
רשות שדות התעופה,BASELINE,עולם הילדים,https://www.iaa.gov.il/airports/ben-gurion/businesses/kids-world/,0,False,,2026-08-05T17:58:19
רשות שדות התעופה,BASELINE,אלקטרוניקה וסלולר,https://www.iaa.gov.il/airports/ben-gurion/businesses/electronics-and-cellular/,0,False,,2026-08-05T17:58:19
רשות שדות התעופה,BASELINE,ספורט והלבשה תחתונה,https://www.iaa.gov.il/airports/ben-gurion/businesses/sports-and-underwear/,0,False,,2026-08-05T17:58:19
רשות שדות התעופה,BASELINE,תכשיטים ומזכרות,https://www.iaa.gov.il/airports/ben-gurion/businesses/jewelry-and-souvenirs/,0,False,,2026-08-05T17:58:19
רשות שדות התעופה,BASELINE,"נתב""ג בתמונות שנת 2020",https://www.iaa.gov.il/airports/ben-gurion/picturesbgn/,0,False,,2026-08-05T17:58:19
רשות שדות התעופה,BASELINE,חברות שירותי קרקע,https://www.iaa.gov.il/companies/ground-services-companies/,0,False,,2026-08-05T17:58:19
רשות שדות התעופה,BASELINE,חברות השכרת רכב,https://www.iaa.gov.il/airports/ben-gurion/car-rental-companies-1/,0,False,,2026-08-05T17:58:19
רשות שדות התעופה,BASELINE,חברות היסעים,https://www.iaa.gov.il/airports/ben-gurion/transport-companies/,0,False,,2026-08-05T17:58:19
רשות שדות התעופה,BASELINE,שירותי טרקלין,https://www.iaa.gov.il/airports/ben-gurion/lounges/,0,False,,2026-08-05T17:58:19
רשות שדות התעופה,BASELINE,שירותי תדלוק,https://www.iaa.gov.il/airports/ben-gurion/gas-station/,0,False,,2026-08-05T17:58:19
רשות שדות התעופה,BASELINE,רשות המיסים בישראל,https://www.iaa.gov.il/companies/government-offices/israel-tax-authority/,10,False,location,2026-08-05T17:58:19
רשות שדות התעופה,BASELINE,רשות האוכלוסין וההגירה,https://www.iaa.gov.il/companies/government-offices/population-and-immigration-authority/,0,False,,2026-08-05T17:58:19
רשות שדות התעופה,BASELINE,משרד התיירות,https://www.iaa.gov.il/companies/government-offices/ministry-of-tourism/,0,False,,2026-08-05T17:58:19
רשות שדות התעופה,BASELINE,משרד החקלאות,https://www.iaa.gov.il/companies/government-offices/ministry-of-agriculture/,0,False,,2026-08-05T17:58:19
רשות שדות התעופה,BASELINE,משטרת ישראל,https://www.iaa.gov.il/companies/government-offices/israel-police/,10,False,location,2026-08-05T17:58:19
רשות שדות התעופה,BASELINE,משרד העלייה והקליטה,https://www.iaa.gov.il/companies/government-offices/ministry-of-aliyah-and-integration/,0,False,,2026-08-05T17:58:19
רשות שדות התעופה,BASELINE,מידע כללי,https://www.iaa.gov.il/airports/haifa/about/,0,False,,2026-08-05T17:58:19
רשות שדות התעופה,BASELINE,הודעות ועדכונים,https://www.iaa.gov.il/airports/haifa/notifications-and-updates/,0,False,,2026-08-05T17:58:19
רשות שדות התעופה,BASELINE,חברות תעופה,https://www.iaa.gov.il/airports/haifa/airline-companies/,0,False,,2026-08-05T17:58:19
רשות שדות התעופה,BASELINE,תחבורה וחניונים,https://www.iaa.gov.il/airports/haifa/transportation-and-parking/,0,False,,2026-08-05T17:58:19
רשות שדות התעופה,BASELINE,טלפונים חיוניים,https://www.iaa.gov.il/airports/haifa/contacts/,0,False,,2026-08-05T17:58:19
רשות שדות התעופה,BASELINE,מידע לטייסים,https://www.iaa.gov.il/airports/haifa/information-for-pilot/,0,False,,2026-08-05T17:58:19
רשות שדות התעופה,BASELINE,פניות הציבור,https://www.iaa.gov.il/forms/contact-us/,0,False,,2026-08-05T17:58:19
רשות שדות התעופה,BASELINE,הודעות ועדכונים,https://www.iaa.gov.il/airports/ramon/notifications-and-updates/,0,False,,2026-08-05T17:58:19
רשות שדות התעופה,BASELINE,הסעדה ומסחר,https://www.iaa.gov.il/airports/ramon/businesses/restaurants-and-coffee-shops/?categoryId=5186,0,False,,2026-08-05T17:58:19
רשות שדות התעופה,BASELINE,חברות שרותי קרקע,https://www.iaa.gov.il/airports/ramon/ground-services-companies/,0,False,,2026-08-05T17:58:19
רשות שדות התעופה,BASELINE,שרותים נוספים בנמל התעופה,https://www.iaa.gov.il/airports/ramon/services/,0,False,,2026-08-05T17:58:19
רשות שדות התעופה,BASELINE,אבדות ומציאות,https://www.iaa.gov.il/airports/ramon/lost-found/,0,False,,2026-08-05T17:58:19
רשות שדות התעופה,BASELINE,משרדי ממשלה,https://www.iaa.gov.il/airports/ramon/government-offices/,0,False,,2026-08-05T17:58:19
רשות שדות התעופה,BASELINE,הנחיות ביטחון,https://www.iaa.gov.il/airports/ramon/security-guidelines/,0,False,,2026-08-05T17:58:19
רשות שדות התעופה,BASELINE,רישום לטיסה,https://www.iaa.gov.il/airports/ramon/flight-registration/,0,False,,2026-08-05T17:58:19
רשות שדות התעופה,BASELINE,פניות הציבור,https://www.iaa.gov.il/airports/ramon/public-affairs/,0,False,,2026-08-05T17:58:19
רשות שדות התעופה,BASELINE,דרכי הגעה,https://www.iaa.gov.il/airports/ramon/arriving-at-the-airport/,0,False,,2026-08-05T17:58:19
רשות שדות התעופה,BASELINE,השכרת רכב,https://www.iaa.gov.il/airports/ramon/car-rental-companies/,0,False,,2026-08-05T17:58:19
רשות שדות התעופה,BASELINE,מידע לטייסים,https://www.iaa.gov.il/airports/herzlia/information-for-pilot/,0,False,,2026-08-05T17:58:19
רשות שדות התעופה,BASELINE,תחבורה וחניונים,https://www.iaa.gov.il/airports/herzlia/transportation-and-parking/,0,False,,2026-08-05T17:58:19
רשות שדות התעופה,BASELINE,טלפונים חיוניים,https://www.iaa.gov.il/airports/herzlia/contacts/,0,False,,2026-08-05T17:58:19
רשות שדות התעופה,BASELINE,הודעות ועדכונים,https://www.iaa.gov.il/airports/herzlia/notifications-and-updates/,0,False,,2026-08-05T17:58:19
רשות שדות התעופה,BASELINE,רעש מטוסים,https://www.iaa.gov.il/airports/herzlia/air-craft-noise-herzliya/,0,False,,2026-08-05T17:58:19
רשות שדות התעופה,BASELINE,נוהל חניות,https://www.iaa.gov.il/airports/herzlia/parking/,0,False,,2026-08-05T17:58:19
רשות שדות התעופה,BASELINE,ראש פינה,https://www.iaa.gov.il/airports/rosh-pina/,0,False,,2026-08-05T17:58:19
רשות שדות התעופה,BASELINE,חברות תעופה,https://www.iaa.gov.il/airports/rosh-pina/airline-companies/,0,False,,2026-08-05T17:58:19
רשות שדות התעופה,BASELINE,מידע לטייסים,https://www.iaa.gov.il/airports/rosh-pina/information-for-pilot/,0,False,,2026-08-05T17:58:19
רשות שדות התעופה,BASELINE,טלפונים חיוניים,https://www.iaa.gov.il/airports/rosh-pina/contacts/,0,False,,2026-08-05T17:58:19
רשות שדות התעופה,BASELINE,הודעות ועדכונים,https://www.iaa.gov.il/airports/rosh-pina/notifications-and-updates/,0,False,,2026-08-05T17:58:19
רשות שדות התעופה,BASELINE,הודעות ועדכונים במעברי הגבול,https://www.iaa.gov.il/land-border-crossings/notifications-and-updates-crossing-land-border/,0,False,,2026-08-05T17:58:19
רשות שדות התעופה,BASELINE,הודעות ועדכונים,https://www.iaa.gov.il/land-border-crossings/alenbi/notifications-and-updates/,0,False,,2026-08-05T17:58:19
רשות שדות התעופה,BASELINE,תחבורה וחניה,https://www.iaa.gov.il/land-border-crossings/alenbi/transportation-and-parking/,0,False,,2026-08-05T17:58:19
רשות שדות התעופה,BASELINE,טלפונים חיוניים,https://www.iaa.gov.il/land-border-crossings/alenbi/contact-info/,0,False,,2026-08-05T17:58:19
רשות שדות התעופה,BASELINE,שעות פעילות,https://www.iaa.gov.il/land-border-crossings/alenbi/opening-hours-alenbi/,0,False,,2026-08-05T17:58:19
רשות שדות התעופה,BASELINE,הודעות ועדכונים,https://www.iaa.gov.il/land-border-crossings/yitzhak-rabin/notifications-and-updates/,0,False,,2026-08-05T17:58:19
רשות שדות התעופה,BASELINE,"אנחנו יוצאים לירדן,  תהליך נוסעים יוצאים לירדן",https://www.iaa.gov.il/land-border-crossings/yitzhak-rabin/passengers-departing-for-jordan/,0,False,,2026-08-05T17:58:19
רשות שדות התעופה,BASELINE,"אנחנו מגיעים לישראל, תהליך נוסעים נכנסים",https://www.iaa.gov.il/land-border-crossings/yitzhak-rabin/passengers-entering-israel/,10,False,location,2026-08-05T17:58:19
רשות שדות התעופה,BASELINE,טופס מעבר קבוצות - יצחק רבין,https://www.iaa.gov.il/forms/crossing-groups-yitzhak-rabin/,0,False,,2026-08-05T17:58:19
רשות שדות התעופה,BASELINE,שותפי פעילות,https://www.iaa.gov.il/land-border-crossings/yitzhak-rabin/partners/,0,False,,2026-08-05T17:58:19
רשות שדות התעופה,BASELINE,שינוע מטענים,https://www.iaa.gov.il/land-border-crossings/yitzhak-rabin/cargo-transportation/,0,False,,2026-08-05T17:58:19
רשות שדות התעופה,BASELINE,טלפונים חיוניים,https://www.iaa.gov.il/land-border-crossings/yitzhak-rabin/contact-info/,0,False,,2026-08-05T17:58:19
רשות שדות התעופה,BASELINE,שעות פעילות,https://www.iaa.gov.il/land-border-crossings/yitzhak-rabin/opening-hours-rabin/,0,False,,2026-08-05T17:58:19
רשות שדות התעופה,BASELINE,הודעות ועדכונים,https://www.iaa.gov.il/land-border-crossings/menachem-begin/notifications-and-updates/,0,False,,2026-08-05T17:58:19
רשות שדות התעופה,BASELINE,אנחנו נוסעים,https://www.iaa.gov.il/land-border-crossings/menachem-begin/i-travel/,0,False,,2026-08-05T17:58:19
רשות שדות התעופה,BASELINE,טלפונים חיוניים,https://www.iaa.gov.il/land-border-crossings/menachem-begin/contact-info/,0,False,,2026-08-05T17:58:19
רשות שדות התעופה,BASELINE,שעות פעילות,https://www.iaa.gov.il/land-border-crossings/menachem-begin/opening-hours-begin/,0,False,,2026-08-05T17:58:19
רשות שדות התעופה,BASELINE,הודעות ועדכונים,https://www.iaa.gov.il/land-border-crossings/jordan-river/notifications-and-updates/,0,False,,2026-08-05T17:58:19
רשות שדות התעופה,BASELINE,"אנחנו יוצאים לירדן, תהליך נוסעים יוצאים",https://www.iaa.gov.il/land-border-crossings/jordan-river/passengers-departing-for-jordan/,0,False,,2026-08-05T17:58:19
רשות שדות התעופה,BASELINE,"אנחנו מגיעים לישראל, תהליך נוסעים נכנסים",https://www.iaa.gov.il/land-border-crossings/jordan-river/passengers-entering-israel/,10,False,location,2026-08-05T17:58:19
רשות שדות התעופה,BASELINE,טופס מעבר קבוצות - נהר הירדן,https://www.iaa.gov.il/forms/crossing-groups-nahar-yarden/,0,False,,2026-08-05T17:58:19
רשות שדות התעופה,BASELINE,שינוע מטענים,https://www.iaa.gov.il/land-border-crossings/jordan-river/cargo-transportation/,0,False,,2026-08-05T17:58:19
רשות שדות התעופה,BASELINE,טלפונים חיוניים,https://www.iaa.gov.il/land-border-crossings/jordan-river/contact-info/,0,False,,2026-08-05T17:58:19
רשות שדות התעופה,BASELINE,שעות פעילות,https://www.iaa.gov.il/land-border-crossings/jordan-river/opening-hours-jorden-river/,0,False,,2026-08-05T17:58:19
רשות שדות התעופה,BASELINE,שינוע מטענים,https://www.iaa.gov.il/land-border-crossings/nizhana/cargo-transportation/,0,False,,2026-08-05T17:58:19
רשות שדות התעופה,BASELINE,טלפונים חיוניים,https://www.iaa.gov.il/land-border-crossings/nizhana/contact-info/,0,False,,2026-08-05T17:58:19
רשות שדות התעופה,BASELINE,הודעות ועדכונים,https://www.iaa.gov.il/land-border-crossings/nizhana/notifications-and-updates/,0,False,,2026-08-05T17:58:19
רשות שדות התעופה,BASELINE,שעות פעילות,https://www.iaa.gov.il/land-border-crossings/nizhana/opening-hours-nizhana/,0,False,,2026-08-05T17:58:19
רשות שדות התעופה,BASELINE,רשימת מכרזים והתקשרויות,https://www.iaa.gov.il/tenders-and-contracts/active-tenders/,0,False,,2026-08-05T17:58:19
רשות שדות התעופה,BASELINE,ארכיון מכרזים והתקשרויות,https://www.iaa.gov.il/tenders-and-contracts/tenders-archive/,0,False,,2026-08-05T17:58:19
רשות שדות התעופה,BASELINE,הודעות ועדכונים,https://www.iaa.gov.il/tenders-and-contracts/notifications/,0,False,,2026-08-05T17:58:19
רשות שדות התעופה,BASELINE,רעש מטוסים,https://www.iaa.gov.il/environment-and-sustainability/air-craft-noise/,0,False,,2026-08-05T17:58:19
רשות שדות התעופה,BASELINE,מוקד המידע הסביבתי,https://www.iaa.gov.il/environment-and-sustainability/environmental-center/,0,False,,2026-08-05T17:58:19
רשות שדות התעופה,BASELINE,תוכנית מתאר ארצית - תבנית תפעול ומיגון אקוסטי,https://www.iaa.gov.il/environment-and-sustainability/national-outline-plan-operating-and-acoustic-protection-pattern/,0,False,,2026-08-05T17:58:19
רשות שדות התעופה,BASELINE,מערכת ניהול סביבתי,https://www.iaa.gov.il/environment-and-sustainability/environmental-management-systems/,0,False,,2026-08-05T17:58:19
רשות שדות התעופה,BASELINE,מערכות ניטור רעש ואיכות אוויר,https://www.iaa.gov.il/environment-and-sustainability/noise-and-air-quality-monitoring-system/,0,False,,2026-08-05T17:58:19
רשות שדות התעופה,BASELINE,הודעות ועדכונים,https://www.iaa.gov.il/environment-and-sustainability/notifications-and-updates/,0,False,,2026-08-05T17:58:19
רשות שדות התעופה,BASELINE,מועצת המנהלים,https://www.iaa.gov.il/about/board-of-directors/,0,False,,2026-08-05T17:58:19
רשות שדות התעופה,BASELINE,אחריות תאגידית,https://www.iaa.gov.il/about/emg/,0,False,,2026-08-05T17:58:19
רשות שדות התעופה,BASELINE,מידע תעופתי,https://www.iaa.gov.il/about/aeronautical-information/,0,False,,2026-08-05T17:58:19
רשות שדות התעופה,BASELINE,אומנות ותרבות,https://www.iaa.gov.il/about/art-and-culture/,0,False,,2026-08-05T17:58:19
רשות שדות התעופה,BASELINE,הגוונה תעסוקתית,https://www.iaa.gov.il/about/occupational-diversity/,0,False,,2026-08-05T17:58:19
רשות שדות התעופה,BASELINE,ספר טלפונים,https://www.iaa.gov.il/about/phonebook/,0,False,,2026-08-05T17:58:19
רשות שדות התעופה,BASELINE,כניסה לעובדים,https://workers.iaa.gov.il/employees-login/,0,False,,2026-08-05T17:58:19
רשות שדות התעופה,BASELINE,אגרות שירות,https://ecom.gov.il/counterspa/home/122/1/IaaServices?clear=true,0,False,,2026-08-05T17:58:19
רשות שדות התעופה,BASELINE,عربي,https://www.iaa.gov.il/ar/about/jobs/,0,False,,2026-08-05T17:58:19
רשות שדות התעופה,BASELINE,הגשת מועמדות,https://recruitment.iaa.gov.il/ClientApps/Gyus/login.html?jid=85,0,False,,2026-08-05T17:58:19
רשות שדות התעופה,BASELINE,הגשת מועמדות,https://recruitment.iaa.gov.il/ClientApps/Gyus/login.html?jid=78,0,False,,2026-08-05T17:58:19
רשות שדות התעופה,BASELINE,הגשת מועמדות,https://recruitment.iaa.gov.il/ClientApps/Gyus/login.html?jid=86,0,False,,2026-08-05T17:58:19
רשות שדות התעופה,BASELINE,הגשת מועמדות,https://recruitment.iaa.gov.il/ClientApps/Gyus/login.html?jid=82,0,False,,2026-08-05T17:58:19
רשות שדות התעופה,BASELINE,להגשת מועמדות,https://recruitment.iaa.gov.il/ClientApps/Gyus/login.html?jid=80,0,False,,2026-08-05T17:58:19
רשות שדות התעופה,BASELINE,הגשת מועמדות,https://recruitment.iaa.gov.il/ClientApps/Gyus/login.html?jid=79,0,False,,2026-08-05T17:58:19
רשות שדות התעופה,BASELINE,מודיעין טיס,https://www.iaa.gov.il/forms/contact-us-flight-intelligence/,0,False,,2026-08-05T17:58:19
רשות שדות התעופה,BASELINE,תעקבו אחרינו גם באינסטגרם,https://instagram.com/bengurionairport_tlv?igshid=1vxzhc6ng6wy7,0,False,,2026-08-05T17:58:19
רשות שדות התעופה,BASELINE,להורדת אפליקציה App Store,https://apps.apple.com/il/app/ben-gurion-tlv-airport/id796888961?l=iw,0,False,,2026-08-05T17:58:19
רשות שדות התעופה,BASELINE,להורדת אפליקציה Google Play,https://play.google.com/store/apps/details?id=com.iaa.mobile&hl=iw&gl=US,0,False,,2026-08-05T17:58:19
